0,20,25,33,33,43,56,64,62,71,79,87,95,102,93,101,117,125,133,141,149,142,126,118,134,150,158,166,173,185,185,186,199,209,225,225,233,233,233,233,233,233,234,250,249,249,249,249,249,249,257,257,257,257,257,257,258,259,251,235,237,246,253,262,263,271,277,275,283,285,287,289,291,293,295,288,298,301,284,278,275,273,270,268,265,257,260,263,267,267,270,273,285,292,299,303,296,289,281,271,267,264,260,256,249,242,239,253,260,250,247,255,252,245,242,249,240,238,192,190,188,187,186,185,185,173,165,157,157,149,141,133,125,119,121,123,126,129,133,126,130,135,140,145,151,146,141,137,142,154,177,174,169,166,168,171,194,197,200,203,210,214,218,222,227,241,251,258,258,250,243,243,235,224,206,183,180,171,171,180,187,191,195,199,204,202,209,219,213,207,198,189,182,173,168,162,167,162,156,150,156,148,136,125,114,102,100,94,89,96,103,107,114,110,117,121,128,124,131,135,142,139,133,124,116,108,100,93,85,78,73,81,89,97,97,89,81,73,65,57,49,40,41,50,58,66,56,49,60,63,70,83,88,83,77,71,77,73,68,65,73,83,94,104,115,122,119,116,113,111,93,85,77,69,61,53,43,44,35,18
20,0,19,35,43,51,66,73,68,79,86,94,101,108,98,102,118,126,133,141,149,146,131,123,138,154,162,169,175,186,187,189,202,210,226,227,236,235,234,233,233,232,233,249,248,249,249,250,251,252,260,258,258,257,257,256,257,257,249,233,234,242,250,258,260,268,274,273,281,282,283,285,286,288,290,282,292,294,278,271,269,266,264,263,261,253,255,257,260,259,262,265,277,284,292,295,287,280,272,262,258,255,252,249,241,234,231,246,253,243,241,249,247,239,237,245,236,235,187,186,185,185,184,185,185,173,165,157,157,149,141,133,125,117,117,118,120,122,125,117,120,124,128,133,139,135,131,128,133,147,170,168,166,165,165,167,189,191,193,195,201,204,208,212,216,230,241,248,249,240,233,233,226,216,198,175,173,164,162,171,178,181,185,189,193,190,197,207,200,194,185,174,169,159,153,148,154,149,144,137,142,134,122,111,100,89,85,80,74,80,86,91,97,93,99,104,110,106,113,117,124,120,114,104,97,89,81,74,67,60,54,62,70,77,77,69,61,53,45,37,29,20,22,31,38,46,38,35,46,46,53,69,75,70,64,60,67,64,62,61,69,77,87,97,107,114,112,110,109,109,94,86,78,70,63,55,44,37,28,9
25,19,0,17,28,34,50,56,51,62,69,76,83,90,80,83,99,107,115,123,131,128,112,105,120,135,143,151,157,168,169,170,183,192,208,209,218,216,215,215,215,215,215,231,231,231,231,231,232,233,241,240,239,239,239,239,239,239,231,215,216,225,233,241,243,250,257,256,264,265,266,268,269,271,273,266,276,278,262,256,253,250,248,246,244,236,238,241,245,244,247,250,262,269,277,280,272,265,257,248,244,240,237,233,226,219,216,230,237,228,225,233,230,223,221,228,219,218,170,169,168,167,167,167,167,155,147,139,139,131,123,115,107,99,100,101,104,106,110,102,106,111,116,121,127,122,118,113,119,132,154,152,148,147,147,150,172,174,177,180,187,190,194,199,203,217,227,234,235,226,219,219,212,201,183,160,157,148,147,156,163,167,171,175,180,178,185,195,189,183,174,165,158,149,144,138,143,138,132,126,132,124,112,101,90,79,77,70,66,73,80,84,91,87,95,98,105,102,110,113,120,118,114,105,97,89,81,73,65,57,57,65,73,81,82,74,66,58,50,43,35,30,26,33,41,49,37,26,37,42,50,59,64,58,53,47,53,49,45,43,51,61,71,81,92,99,96,94,92,91,75,68,60,52,44,37,26,20,11,10
33,35,17,0,16,19,35,40,35,46,53,60,67,74,64,69,85,93,101,109,117,112,97,89,104,120,128,135,142,153,154,155,168,177,193,194,202,201,201,201,201,201,201,217,217,217,217,217,217,218,226,225,225,225,225,225,225,226,218,202,204,213,221,229,230,238,244,243,251,252,254,256,258,260,262,255,265,268,252,246,243,240,237,235,232,224,227,230,234,234,238,241,253,260,267,271,264,257,249,240,236,232,228,224,217,210,206,221,227,217,214,223,219,212,209,216,207,205,159,157,155,154,153,153,153,141,133,125,125,117,109,101,93,86,88,90,94,97,101,95,100,105,111,117,122,116,111,106,110,122,144,141,136,133,135,138,161,164,167,170,178,182,187,192,197,211,220,227,227,218,211,211,203,192,174,151,147,138,139,148,155,159,164,169,174,173,179,190,184,179,171,163,154,147,143,136,140,134,128,123,129,121,110,99,88,77,78,70,68,75,83,85,93,91,99,100,108,106,114,116,124,122,121,113,105,97,89,81,73,65,68,75,83,91,93,85,78,70,63,56,49,46,40,45,52,60,46,33,41,49,57,60,63,56,52,45,49,43,37,33,40,51,62,73,84,90,86,83,80,78,61,53,45,37,29,21,10,17,13,26
33,43,28,16,0,10,24,31,29,38,46,54,62,70,61,70,85,93,101,109,117,109,93,85,101,117,125,133,141,153,153,153,167,176,192,193,201,201,201,201,201,202,204,219,218,217,217,217,217,217,225,225,225,225,225,226,227,229,221,205,207,216,224,232,235,242,248,245,253,256,258,260,262,265,268,260,271,274,258,253,249,246,243,240,237,229,232,236,241,241,245,249,260,267,274,278,271,265,258,249,245,240,236,232,225,218,214,228,234,224,221,229,225,217,214,221,212,209,164,161,159,157,155,154,153,141,133,125,126,118,110,102,95,90,94,97,101,106,111,105,111,117,123,129,134,128,122,116,120,130,151,147,141,136,138,144,167,170,174,178,187,192,197,202,207,221,230,237,236,227,220,220,211,200,182,159,155,146,149,157,164,169,174,179,184,185,190,201,196,191,184,176,166,160,156,149,154,147,140,136,143,135,124,113,102,92,93,85,83,91,99,100,108,106,114,116,124,122,130,132,139,138,137,129,121,113,105,97,89,81,83,91,99,106,108,100,93,85,78,70,63,58,54,60,68,75,62,49,57,65,73,75,78,70,68,60,63,56,49,43,49,60,71,83,94,100,95,90,86,83,62,54,46,38,31,24,19,33,29,34
43,51,34,19,10,0,16,22,19,29,37,44,52,60,51,60,75,83,91,99,107,99,83,75,91,107,115,123,131,143,143,143,157,166,182,183,191,191,191,191,192,193,194,210,208,207,207,207,207,207,215,215,215,215,215,216,218,219,211,196,197,207,215,223,225,233,238,235,243,246,248,250,253,256,259,251,262,265,249,244,240,237,233,230,228,219,223,227,232,232,236,241,252,259,266,270,263,256,250,241,237,232,227,223,216,210,205,219,225,215,212,220,216,208,205,212,202,200,155,152,149,147,145,144,143,131,123,115,116,108,101,93,85,81,85,89,93,98,104,98,104,110,117,124,128,122,115,109,112,122,142,138,132,127,129,135,158,162,165,170,179,184,189,194,200,214,223,229,228,219,213,213,203,192,174,151,146,138,141,150,156,161,166,172,177,178,183,195,190,185,178,171,160,155,152,145,148,141,135,130,137,130,120,109,99,88,90,82,81,89,97,98,106,105,113,114,122,121,129,130,138,137,137,129,121,113,105,98,90,82,86,93,101,109,111,104,96,89,82,75,68,64,59,64,71,78,64,50,57,66,74,73,75,67,65,57,59,52,44,37,42,53,64,76,87,92,87,82,78,74,52,44,37,29,22,16,16,33,32,42
56,66,50,35,24,16,0,8,12,16,24,32,40,48,41,54,69,76,84,92,99,88,72,64,80,96,104,112,121,133,133,132,147,157,173,173,180,181,181,182,183,185,187,202,201,199,198,197,197,196,204,205,205,206,207,208,210,212,204,189,192,201,209,217,220,227,232,229,236,240,242,245,248,251,255,247,258,262,246,241,237,233,229,226,223,215,219,223,229,230,235,239,250,257,263,268,261,255,249,241,236,231,226,221,215,209,204,217,222,212,208,216,212,204,201,207,197,194,151,147,144,141,138,136,135,123,115,107,109,102,94,87,79,78,83,88,94,100,106,101,108,115,122,129,133,126,119,113,114,122,140,136,128,121,124,132,155,159,164,169,179,184,190,196,202,216,224,230,227,219,213,213,202,191,174,151,145,137,142,150,156,162,168,174,180,181,186,198,194,189,183,177,165,162,159,151,154,147,140,137,144,137,127,117,107,98,101,93,92,100,108,109,117,116,124,125,133,132,140,141,149,148,149,143,135,127,119,111,103,96,101,108,116,123,126,119,111,104,97,90,84,80,75,79,86,94,79,65,70,80,88,84,85,77,76,68,69,61,53,45,47,58,68,79,90,95,89,83,77,72,47,40,34,29,26,24,30,47,47,57
64,73,56,40,31,22,8,0,8,8,16,24,32,40,33,47,61,69,76,84,92,80,64,56,72,88,96,104,113,126,125,124,139,149,165,165,172,173,173,174,175,177,179,195,193,191,190,189,189,188,196,197,197,198,199,201,202,204,197,181,184,194,201,209,212,220,224,221,229,232,235,237,241,244,247,240,251,255,239,235,230,226,222,219,215,207,212,216,222,224,228,233,244,250,257,261,255,249,243,235,230,225,220,215,209,202,197,210,216,206,201,209,204,197,194,200,190,187,144,140,137,133,131,129,127,115,107,99,102,94,87,79,72,72,77,83,89,95,101,97,104,111,119,126,129,122,115,108,109,116,134,129,121,113,117,125,148,153,157,162,173,179,185,191,197,210,218,224,221,213,207,207,196,185,168,145,139,131,137,145,150,156,162,169,175,177,181,194,189,185,179,174,161,159,156,148,151,144,137,133,141,135,125,115,106,97,100,92,93,101,109,108,116,117,125,124,132,133,141,140,148,149,150,144,136,129,121,113,105,98,104,111,119,126,129,122,115,108,101,95,89,85,80,84,90,97,83,68,73,83,90,85,84,76,77,69,68,60,52,44,45,55,65,76,86,90,84,77,71,66,40,34,29,26,24,26,34,51,52,64
62,68,51,35,29,19,12,8,0,12,18,26,33,41,32,44,59,66,74,82,90,81,65,57,73,89,97,105,112,125,124,125,139,149,165,165,173,172,173,173,174,175,177,193,191,190,189,189,188,189,197,196,197,197,198,199,201,202,195,179,181,191,198,207,209,217,222,219,227,230,232,235,237,241,244,237,247,251,235,230,226,222,219,215,212,204,208,213,218,219,224,228,239,246,252,257,250,244,238,230,225,220,215,210,204,197,193,206,211,201,197,205,201,194,190,197,187,184,140,137,133,131,129,127,126,114,106,98,99,92,84,76,69,67,72,77,83,89,95,90,97,104,111,119,122,115,108,101,103,111,129,125,117,111,113,121,144,148,153,157,168,173,179,185,191,204,213,218,216,207,201,201,191,180,162,139,134,125,131,139,145,150,156,162,169,170,175,187,182,178,172,166,154,151,148,141,144,137,129,126,133,127,117,107,98,89,92,84,85,93,101,100,108,109,117,116,124,125,133,132,140,141,143,136,129,121,113,105,98,90,97,104,111,119,122,115,108,101,95,89,83,80,74,77,84,90,76,62,65,76,83,77,76,68,69,61,60,52,44,36,37,47,58,68,79,84,77,71,66,60,36,29,23,18,16,18,27,44,46,60
71,79,62,46,38,29,16,8,12,0,8,16,24,32,26,40,54,61,69,76,84,72,56,48,64,80,88,96,105,118,117,116,131,141,157,157,164,165,165,166,168,169,171,187,185,183,182,181,181,180,188,189,189,190,191,193,195,197,189,174,177,186,194,202,205,212,217,213,221,224,227,230,233,237,240,233,244,248,232,228,224,219,215,212,208,200,204,209,216,217,222,227,237,244,250,255,249,242,237,230,224,219,214,209,202,196,191,204,209,199,195,203,197,191,187,193,183,180,137,133,129,126,123,121,119,107,99,92,94,87,79,72,65,66,71,77,84,90,97,94,101,108,116,123,126,119,111,104,105,111,128,123,114,106,110,118,141,146,151,156,167,173,179,185,192,205,213,218,216,207,201,201,190,179,162,139,133,125,132,140,145,151,157,164,170,173,177,189,185,181,176,171,158,156,154,146,148,141,133,131,138,132,123,114,105,96,101,93,94,102,110,109,117,118,126,125,133,133,141,141,149,149,152,146,138,131,123,116,108,101,108,115,122,129,133,126,119,113,106,100,94,91,85,89,95,101,87,73,76,86,94,86,85,77,78,70,69,61,53,45,44,53,63,73,83,86,79,73,66,60,34,29,26,24,26,29,39,55,57,70
79,86,69,53,46,37,24,16,18,8,0,8,16,24,18,34,47,54,61,69,76,64,48,40,56,72,80,88,97,110,109,108,123,133,149,149,156,157,157,158,160,162,164,179,177,175,174,173,173,172,180,181,181,182,183,185,187,189,181,166,169,179,186,194,197,205,209,205,213,217,220,223,226,229,233,226,237,241,226,221,217,212,208,204,201,193,197,203,209,210,215,220,231,237,244,249,242,236,231,224,218,213,207,202,196,190,185,197,203,193,188,196,191,184,180,186,176,172,130,126,122,119,116,113,111,99,92,84,87,79,72,65,58,60,66,73,79,86,94,90,98,105,113,121,123,116,108,101,101,106,122,117,107,99,103,112,135,140,145,150,162,168,174,180,187,200,208,213,210,201,196,196,184,173,156,134,128,119,127,135,140,146,153,159,166,169,173,185,181,178,173,168,155,154,152,144,146,138,131,129,136,131,122,113,104,97,102,94,96,103,111,110,118,119,127,126,133,135,143,141,149,150,154,148,141,133,126,119,111,104,113,119,126,133,137,130,124,117,111,105,100,97,91,94,100,106,92,77,79,90,97,88,86,78,80,73,70,63,55,47,45,52,61,70,80,83,76,68,62,55,29,26,24,26,29,34,45,60,63,77
87,94,76,60,54,44,32,24,26,16,8,0,8,16,12,29,40,47,54,61,69,56,40,32,48,64,72,80,89,102,101,100,115,125,141,141,148,149,149,150,152,154,156,171,169,168,166,165,165,164,172,173,173,174,175,177,179,181,174,159,162,171,179,187,190,197,202,198,205,209,212,215,219,222,226,219,230,235,219,215,210,206,201,197,194,186,191,196,203,204,209,214,225,231,237,242,236,230,225,218,213,207,201,196,190,184,179,191,196,186,181,189,184,177,173,179,169,165,124,119,115,111,108,105,103,92,84,76,79,72,65,58,52,55,62,68,76,83,90,88,96,103,111,119,121,113,105,98,97,101,116,111,100,92,96,105,129,134,139,145,157,163,169,176,182,196,203,208,204,196,191,191,179,167,151,129,122,114,123,130,135,141,148,155,162,165,169,181,178,174,170,166,152,152,150,143,144,136,129,127,135,129,121,112,105,98,103,96,98,105,113,111,119,121,129,127,135,136,144,143,150,152,156,151,144,137,129,122,115,108,117,124,130,137,141,135,129,122,116,111,105,104,97,100,105,111,97,83,84,95,101,90,88,80,83,76,73,65,58,51,47,53,60,69,78,80,73,65,58,51,26,24,26,29,34,40,51,66,69,85
95,101,83,67,62,52,40,32,33,24,16,8,0,8,8,26,34,40,47,54,61,48,32,24,40,56,64,72,81,94,93,92,107,117,133,133,140,141,141,143,144,146,148,164,162,160,158,157,157,156,164,165,165,166,168,169,171,174,166,151,154,164,171,180,183,190,194,190,198,202,205,208,212,215,219,212,224,228,213,209,204,199,195,191,187,179,184,189,196,198,203,209,219,225,231,236,230,224,220,213,207,201,196,190,184,179,173,185,190,180,175,183,177,170,166,172,162,158,117,113,108,104,101,98,96,84,76,69,72,65,58,52,46,51,58,65,73,80,88,86,94,102,110,118,119,111,103,96,94,97,111,105,94,85,89,100,122,128,133,139,152,158,165,171,178,191,198,203,199,191,185,185,173,162,145,124,117,109,119,126,130,137,144,151,158,162,165,178,174,171,168,164,150,150,149,141,143,135,127,126,133,129,120,113,106,99,105,98,101,108,116,113,121,123,131,129,136,138,146,144,152,154,159,154,147,140,133,126,119,113,122,129,135,141,146,140,134,128,122,117,112,110,104,105,111,116,102,88,89,100,106,94,90,83,86,79,76,68,62,55,51,55,61,68,77,78,70,63,55,47,24,26,29,34,40,47,58,72,76,92
102,108,90,74,70,60,48,40,41,32,24,16,8,0,12,24,29,34,40,47,54,40,24,16,32,48,56,64,73,86,85,84,99,109,125,125,132,133,133,135,136,138,141,156,154,152,150,149,149,148,156,157,157,158,160,162,164,166,159,144,147,157,164,172,176,183,187,183,190,194,197,201,204,208,212,206,217,221,206,202,197,193,188,184,180,172,177,183,190,192,197,203,213,219,225,230,224,218,214,208,202,196,190,184,179,173,167,179,184,174,169,176,170,164,159,165,155,151,111,106,101,97,94,90,88,76,69,61,65,58,52,46,40,47,55,63,70,78,86,85,93,101,109,117,118,110,102,94,92,94,106,100,88,78,83,94,116,122,128,134,147,154,160,167,174,187,194,198,194,185,180,180,168,157,140,119,113,105,115,122,126,133,140,147,154,159,162,174,171,169,165,163,148,149,149,141,141,133,126,125,133,128,121,114,107,102,108,101,104,111,119,116,123,126,133,131,138,141,148,146,154,156,162,158,151,144,137,130,124,117,128,134,140,146,151,145,139,133,128,123,118,117,110,112,117,122,108,94,94,105,111,97,94,86,90,84,79,73,66,60,55,58,63,69,76,77,69,61,53,45,26,29,34,40,47,54,65,78,83,99
93,98,80,64,61,51,41,33,32,26,18,12,8,12,0,18,29,36,44,51,59,49,33,26,41,57,65,73,80,93,92,93,107,117,133,133,141,140,141,141,143,144,146,162,160,158,157,157,156,157,165,164,165,165,166,168,169,171,164,148,151,161,168,177,180,187,192,188,196,199,202,205,208,212,215,208,219,224,208,204,199,195,191,187,183,175,180,185,191,193,198,203,214,220,226,231,225,219,214,207,201,196,190,185,179,173,168,180,185,175,170,178,173,166,162,168,158,154,113,108,104,101,98,96,94,82,74,66,69,61,54,47,40,44,51,58,65,73,80,78,86,94,102,110,111,103,96,88,87,90,105,100,89,81,85,94,117,122,128,133,145,152,158,165,171,185,192,197,193,185,179,179,167,156,139,117,111,103,112,119,124,130,137,144,151,154,158,170,167,164,160,156,142,143,141,133,135,127,119,118,126,121,112,105,98,92,98,90,94,101,108,105,113,116,123,121,129,131,138,136,144,146,151,147,140,133,126,119,113,106,116,122,129,135,140,134,128,122,117,112,107,106,99,100,105,111,97,83,83,94,100,86,83,76,79,73,68,62,55,49,44,47,53,60,69,70,63,55,47,40,16,18,23,29,36,44,54,67,72,89
101,102,83,69,70,60,54,47,44,40,34,29,26,24,18,0,16,24,32,40,48,47,34,29,40,54,61,69,74,85,86,88,101,109,125,126,135,133,133,132,133,133,135,150,149,149,148,149,149,150,158,157,157,156,157,157,158,160,152,136,138,148,155,164,166,174,179,176,184,187,189,192,194,197,201,194,204,208,193,188,184,180,176,172,169,161,165,170,176,177,182,187,197,204,210,215,209,202,197,190,184,179,174,169,162,156,151,164,169,159,155,163,158,151,147,154,144,141,97,94,90,88,86,85,84,72,64,56,57,49,41,33,26,26,33,40,47,55,63,61,69,77,85,93,94,86,78,70,69,73,88,83,74,68,70,78,101,106,111,116,128,134,140,147,154,167,174,179,176,167,162,162,150,139,122,100,94,86,94,101,106,113,119,126,133,137,140,153,149,146,142,139,125,126,125,117,118,110,102,101,109,104,97,90,84,79,86,79,84,90,97,94,101,104,111,108,116,119,126,123,131,133,140,137,130,124,117,111,105,100,112,117,122,128,133,128,123,118,114,110,106,107,99,99,103,107,94,81,78,89,94,77,73,66,71,66,60,54,49,45,38,37,40,45,52,53,45,37,30,22,8,16,24,32,40,48,59,68,74,93
117,118,99,85,85,75,69,61,59,54,47,40,34,29,29,16,0,8,16,24,32,34,26,24,29,40,47,54,59,69,70,73,85,93,109,110,119,118,117,116,117,118,119,135,133,133,132,133,133,135,143,141,141,140,141,141,143,144,136,121,123,133,140,148,151,159,164,161,168,171,174,177,180,183,187,180,191,195,179,175,170,166,162,158,154,146,151,156,163,164,169,175,185,191,197,202,196,190,186,179,173,167,162,156,150,145,139,151,156,146,141,149,144,137,133,139,129,126,84,79,76,73,70,69,68,56,48,40,41,33,26,18,12,20,28,36,44,52,60,61,69,77,85,93,92,84,76,68,65,65,77,71,60,52,56,66,89,94,100,105,118,125,132,138,145,158,165,169,165,157,152,152,139,128,112,90,84,76,87,94,97,104,111,119,126,131,133,146,143,141,139,137,122,124,125,117,116,108,100,101,109,106,99,94,90,87,95,89,94,100,106,101,108,113,119,115,122,126,133,129,137,140,148,146,140,134,128,122,117,112,125,129,134,139,145,140,136,132,128,124,121,122,114,113,117,121,108,96,92,103,107,88,83,77,83,78,72,67,63,60,52,49,49,51,55,53,45,37,30,22,24,32,40,48,56,64,75,83,90,109
125,126,107,93,93,83,76,69,66,61,54,47,40,34,36,24,8,0,8,16,24,29,24,26,26,34,40,47,51,61,63,65,77,85,101,102,111,110,109,108,109,110,111,127,126,125,124,125,126,127,135,133,133,132,133,133,135,136,129,113,116,125,133,141,144,151,156,153,161,164,166,169,172,176,180,173,184,188,173,169,164,159,155,151,147,139,144,149,156,158,163,169,179,185,191,196,190,184,180,174,168,162,156,150,145,139,133,145,150,140,135,143,137,130,126,132,122,119,77,73,68,65,63,61,60,48,40,32,33,26,18,12,8,22,30,37,45,53,61,63,70,78,86,94,93,85,77,69,64,63,73,66,54,45,49,60,83,88,94,100,114,121,128,135,142,154,160,165,160,152,147,147,134,123,107,86,79,72,84,90,94,101,108,116,123,129,131,143,141,139,137,137,121,125,126,118,117,109,101,102,110,107,102,97,94,92,100,94,100,105,111,106,113,117,124,119,126,130,137,133,140,144,153,151,145,139,133,128,123,118,132,136,140,145,152,147,143,138,135,131,128,130,122,121,124,128,115,103,99,110,114,94,88,83,89,85,78,74,70,68,60,56,54,55,58,55,47,40,33,26,32,40,48,56,64,72,83,91,98,117
133,133,115,101,101,91,84,76,74,69,61,54,47,40,44,32,16,8,0,8,16,26,26,29,24,29,34,40,44,53,55,58,69,77,93,95,103,102,101,100,101,102,103,119,118,117,116,117,118,119,127,126,125,124,125,126,127,129,121,105,108,118,125,133,137,144,148,145,153,156,159,162,165,169,173,166,177,181,166,162,157,153,148,144,140,132,137,143,150,152,157,163,173,179,185,190,184,179,175,169,163,157,151,145,139,134,128,139,144,134,129,136,130,124,119,125,115,111,71,66,62,58,55,53,52,40,32,24,26,18,12,8,12,26,33,40,47,55,63,65,73,80,88,96,94,86,78,70,65,61,68,62,49,38,43,55,77,83,89,96,110,117,124,131,139,151,156,160,155,147,143,143,129,118,103,83,76,69,82,88,90,98,105,113,121,127,129,141,139,138,137,137,120,126,127,119,118,110,102,103,111,109,104,101,98,97,105,100,105,111,116,111,117,122,129,124,130,135,141,137,144,148,157,156,150,145,139,134,129,125,138,143,147,152,158,154,149,145,142,139,136,137,130,128,131,135,122,111,106,117,121,100,94,89,96,92,85,81,78,75,68,63,60,60,62,58,51,44,37,32,40,48,56,64,72,80,91,99,106,125
141,141,123,109,109,99,92,84,82,76,69,61,54,47,51,40,24,16,8,0,8,24,29,34,26,26,29,34,36,45,47,51,62,70,85,87,96,94,93,92,93,94,96,111,110,109,108,109,110,111,119,118,117,116,117,118,119,121,113,98,101,111,118,126,129,137,141,137,145,148,151,154,158,162,166,159,170,175,160,156,151,146,141,137,133,125,130,136,144,146,152,158,167,173,179,184,179,173,170,165,158,152,145,139,134,129,123,133,138,128,122,130,124,117,113,118,108,104,66,60,55,51,47,45,44,32,24,16,18,12,8,12,18,32,37,44,51,58,65,68,76,83,90,98,96,88,80,73,66,60,65,58,44,32,37,51,72,78,85,92,106,113,121,128,136,148,153,156,150,143,138,138,125,114,99,80,73,66,81,86,88,96,103,111,119,126,127,139,138,137,136,137,121,127,129,121,119,111,103,105,113,112,108,105,103,102,111,105,112,117,122,116,122,128,134,129,135,140,146,141,148,153,162,162,156,151,145,140,136,132,145,149,154,158,165,160,156,153,149,146,143,145,137,136,139,142,130,118,113,124,128,107,100,96,103,99,92,88,85,83,75,70,67,66,66,62,55,49,43,38,48,56,64,72,80,88,99,106,114,133
149,149,131,117,117,107,99,92,90,84,76,69,61,54,59,48,32,24,16,8,0,26,34,40,29,24,26,29,29,37,40,44,54,62,77,79,88,86,85,84,85,86,88,103,102,101,100,101,102,103,111,110,109,108,109,110,111,113,105,90,94,103,111,119,122,129,133,130,137,141,144,147,151,155,159,153,164,169,154,150,145,140,135,130,126,118,124,130,138,141,146,153,162,167,173,179,173,168,165,160,154,147,140,134,129,125,118,128,132,122,116,124,117,111,106,111,101,97,60,54,49,44,40,37,36,24,16,8,12,8,12,18,26,38,43,49,55,62,68,73,79,86,94,101,98,90,83,76,69,61,63,55,40,26,33,47,67,74,81,88,103,111,118,126,133,145,149,153,146,138,135,135,121,110,96,78,70,65,80,85,86,94,102,110,118,125,126,138,137,137,137,138,122,129,131,123,121,113,105,108,116,115,112,109,108,108,117,112,118,123,128,122,128,133,139,134,140,145,151,146,153,157,168,167,162,157,152,147,143,138,153,156,160,165,171,167,163,160,156,154,151,153,145,143,146,149,137,126,121,131,135,114,107,103,110,106,99,96,93,91,83,78,74,72,71,66,60,54,49,45,56,64,72,80,88,96,107,114,122,141
142,146,128,112,109,99,88,80,81,72,64,56,48,40,49,47,34,29,26,24,26,0,16,24,8,8,16,24,33,47,45,44,59,70,85,85,92,93,94,96,98,101,104,119,116,113,111,110,109,108,116,117,118,119,121,123,126,129,122,108,113,123,129,137,141,148,151,145,153,158,162,166,170,175,180,174,185,190,176,173,167,162,156,151,146,139,145,152,160,164,170,177,185,191,196,202,197,192,190,185,178,171,165,158,154,149,143,152,155,145,139,146,139,133,128,132,122,117,85,78,72,66,60,55,51,40,34,29,36,33,32,33,36,51,58,65,73,80,88,90,98,105,113,121,119,111,103,96,90,84,88,80,65,51,58,73,92,99,106,113,128,136,143,151,159,170,174,178,171,163,160,160,145,135,121,103,96,90,105,110,111,119,127,135,143,149,150,163,162,161,160,161,145,150,152,144,143,135,127,129,136,135,130,126,123,120,129,122,128,134,140,135,141,146,153,148,155,159,166,162,169,173,181,180,174,168,162,156,151,145,158,163,168,173,179,174,169,165,160,156,153,153,145,145,149,154,140,128,125,136,140,122,116,111,117,112,105,100,96,92,85,83,83,84,86,83,76,68,62,55,54,61,69,76,84,92,102,113,119,137
126,131,112,97,93,83,72,64,65,56,48,40,32,24,33,34,26,24,26,29,34,16,0,8,8,24,32,40,49,63,61,60,75,85,101,101,108,109,110,111,113,116,119,133,131,129,127,126,125,124,132,133,133,135,136,138,141,144,137,122,126,136,143,151,155,162,165,160,168,172,176,180,184,188,193,186,197,202,188,184,179,174,169,164,159,151,157,164,172,174,180,186,196,201,207,213,207,202,199,194,187,180,174,168,163,158,152,162,166,156,150,158,151,145,140,145,135,130,94,88,83,77,73,68,65,54,47,40,46,40,36,33,32,45,53,61,69,77,85,86,94,102,110,118,117,109,101,93,88,86,94,86,73,60,66,79,100,107,114,121,135,142,149,156,164,176,181,185,179,171,167,167,154,143,128,108,101,94,107,113,116,123,131,138,146,152,154,166,164,163,161,161,145,149,149,141,141,133,125,126,133,131,125,119,115,112,119,113,117,124,130,126,133,137,144,140,147,151,158,154,162,165,173,170,164,157,151,145,139,133,145,151,156,162,167,162,157,152,147,143,138,138,131,132,136,140,127,114,112,123,128,111,106,100,105,100,94,88,83,78,72,71,73,76,80,78,70,63,55,47,40,47,54,61,69,76,87,99,104,122
118,123,105,89,85,75,64,56,57,48,40,32,24,16,26,29,24,26,29,34,40,24,8,0,16,32,40,48,57,70,69,68,83,93,109,109,116,117,118,119,121,123,126,141,138,136,135,133,133,132,140,141,141,143,144,146,148,151,144,129,133,143,150,158,162,169,172,168,175,180,183,187,191,195,199,193,204,209,194,190,185,180,175,170,166,158,164,170,178,180,186,192,201,207,213,218,213,207,204,198,192,185,179,173,168,163,157,167,172,162,156,164,157,151,146,151,141,137,100,94,89,84,79,76,73,61,54,47,52,46,40,36,33,44,52,60,68,76,84,85,93,101,109,117,116,108,100,92,89,88,97,90,77,66,71,84,105,112,118,125,138,145,153,160,167,179,185,189,184,176,171,171,158,147,132,111,104,97,109,116,119,126,133,141,148,154,156,169,166,164,162,161,145,148,149,141,140,132,124,125,133,129,123,117,112,108,115,108,113,119,126,122,129,133,140,137,144,147,154,151,159,162,169,166,159,153,146,140,134,128,139,145,150,156,162,156,151,145,140,136,132,131,124,125,129,134,120,107,105,117,122,106,101,95,100,94,89,83,77,72,66,66,68,73,78,77,69,61,53,45,34,40,47,54,61,69,80,92,97,114
134,138,120,104,101,91,80,72,73,64,56,48,40,32,41,40,29,26,24,26,29,8,8,16,0,16,24,32,41,55,53,52,67,77,93,93,100,101,102,103,105,108,111,126,123,121,119,118,117,116,124,125,126,127,129,131,133,137,129,115,119,129,136,144,148,155,158,153,160,165,169,173,177,181,186,180,191,196,182,179,173,168,162,157,153,145,151,158,166,169,175,181,191,196,201,207,202,197,194,189,182,176,169,163,158,154,147,157,160,151,145,152,145,139,134,139,129,124,89,83,77,71,66,62,58,47,40,34,40,36,33,32,33,47,55,63,70,78,86,88,96,103,111,119,118,110,102,94,89,85,90,83,68,55,62,76,96,103,110,117,131,139,146,154,161,173,178,181,175,167,163,163,149,138,124,105,98,92,106,111,113,121,129,136,144,150,152,164,163,162,161,161,144,149,150,143,141,133,126,127,135,132,127,122,119,116,124,117,122,129,135,130,137,141,148,144,151,155,162,158,165,169,177,175,169,162,156,150,145,139,152,157,162,167,173,168,163,158,154,149,145,145,138,138,143,147,134,121,118,129,134,116,111,105,111,105,100,94,89,85,78,77,77,79,83,80,73,65,58,51,47,54,61,69,76,84,95,106,112,130
150,154,135,120,117,107,96,88,89,80,72,64,56,48,57,54,40,34,29,26,24,8,24,32,16,0,8,16,26,40,37,36,51,62,77,77,84,85,86,88,90,94,97,111,108,105,103,102,101,100,108,109,110,111,113,116,119,122,115,101,106,116,123,130,135,141,144,138,145,151,155,159,164,169,174,168,179,184,170,168,162,156,150,145,140,132,139,146,155,159,165,172,180,185,191,197,192,187,185,181,174,167,160,154,149,145,138,147,150,140,134,141,133,128,122,126,116,111,81,74,67,60,54,49,44,34,29,26,33,32,33,36,40,55,62,68,76,83,90,94,101,108,116,123,121,113,105,98,92,85,86,78,63,47,55,70,88,96,103,111,126,133,141,149,157,168,171,174,167,160,156,156,142,131,118,102,94,89,104,109,110,118,126,133,141,149,149,162,161,161,161,162,145,152,154,146,144,136,129,131,138,137,133,129,127,125,134,128,133,139,145,140,146,151,157,153,159,164,170,166,173,177,186,185,179,173,167,162,157,152,165,169,174,179,185,180,176,171,167,163,160,160,153,153,156,160,147,135,132,143,147,128,122,117,123,118,112,107,103,99,92,89,88,89,90,86,79,73,66,60,61,69,76,84,92,99,110,121,127,145
158,162,143,128,125,115,104,96,97,88,80,72,64,56,65,61,47,40,34,29,26,16,32,40,24,8,0,8,18,33,30,28,43,54,70,69,76,77,78,80,83,86,90,104,101,98,96,94,93,92,100,101,102,103,105,108,111,115,108,95,100,110,116,124,129,135,137,131,138,144,148,153,157,162,168,162,173,179,165,163,157,151,145,139,134,126,133,141,150,154,161,168,176,180,185,192,187,182,181,178,170,163,156,149,145,142,135,143,145,136,129,136,128,123,117,121,111,105,78,70,63,56,49,43,37,29,26,24,32,33,36,40,46,60,66,73,79,86,94,97,104,111,119,126,123,116,108,101,94,86,85,77,61,45,53,69,85,93,100,108,124,132,139,147,155,165,169,171,163,156,154,154,139,128,116,101,93,88,105,108,109,117,125,133,141,148,149,161,161,161,161,163,146,154,156,148,146,138,131,133,141,140,136,134,132,131,139,133,139,145,150,145,151,156,162,157,164,169,175,170,177,181,191,190,184,179,173,168,163,158,171,176,180,185,192,187,182,178,174,170,167,168,160,160,163,167,154,142,138,149,154,134,128,123,129,125,118,114,110,106,99,96,94,94,95,90,84,77,71,66,69,76,84,92,99,107,118,128,135,153
166,169,151,135,133,123,112,104,105,96,88,80,72,64,73,69,54,47,40,34,29,24,40,48,32,16,8,0,12,26,22,20,35,46,62,61,68,69,70,73,76,79,84,97,94,90,88,86,85,84,92,93,94,96,98,101,104,108,101,89,94,104,110,117,122,129,130,124,131,137,141,146,151,156,162,156,167,173,160,158,152,145,139,133,128,121,128,136,145,150,157,163,171,176,180,187,182,178,178,174,167,160,153,145,142,139,131,138,141,132,125,131,123,118,112,115,105,100,75,68,60,52,45,38,32,26,24,26,33,36,40,46,52,66,71,77,84,90,97,101,108,115,122,129,126,119,111,104,97,88,84,76,60,44,52,68,83,91,99,106,122,130,138,146,154,164,166,169,160,154,151,151,136,126,114,100,92,89,106,109,108,116,124,132,140,149,148,161,161,161,162,165,148,156,159,151,148,141,133,137,144,144,140,138,137,136,145,139,145,151,156,150,156,162,168,162,169,174,180,175,181,186,196,196,190,185,179,174,169,165,178,182,187,192,198,194,189,185,181,178,174,175,168,167,170,174,161,149,145,156,160,140,134,129,136,132,125,121,117,113,106,103,100,100,100,95,89,83,77,72,76,84,92,99,107,115,126,136,142,161
173,175,157,142,141,131,121,113,112,105,97,89,81,73,80,74,59,51,44,36,29,33,49,57,41,26,18,12,0,15,12,15,27,37,53,53,61,60,61,63,65,68,73,86,83,80,78,77,76,77,85,84,85,86,88,90,94,97,90,77,83,93,99,106,111,117,119,113,120,126,130,135,140,145,150,145,156,162,149,147,140,134,128,122,116,109,117,125,134,139,146,153,160,165,169,176,171,167,167,164,156,149,142,135,131,128,121,128,130,121,114,120,112,107,100,104,94,88,66,58,50,42,35,27,20,16,18,23,29,34,40,47,54,67,72,77,83,89,95,100,106,113,119,126,122,115,108,101,94,83,77,69,53,37,45,61,73,81,89,97,113,121,129,137,145,154,157,159,150,143,141,141,126,116,105,93,85,82,99,102,101,109,117,125,133,141,141,153,153,154,156,159,142,151,154,147,144,137,129,133,140,140,138,137,136,137,145,140,147,152,157,151,156,162,167,162,168,173,179,174,180,185,196,196,191,185,180,176,171,167,181,185,189,194,200,196,192,188,185,182,179,180,173,171,174,178,165,154,149,160,163,143,136,132,138,135,128,124,121,118,111,106,103,100,100,94,88,83,78,74,82,90,98,106,114,122,132,141,148,167
185,186,168,153,153,143,133,126,125,118,110,102,94,86,93,85,69,61,53,45,37,47,63,70,55,40,33,26,15,0,8,16,19,25,41,42,51,49,48,49,51,54,58,72,69,66,65,64,65,66,74,73,72,73,74,76,79,83,76,63,68,78,84,92,97,103,105,99,106,112,116,120,125,131,136,131,142,148,135,134,127,120,114,108,102,95,103,111,121,126,133,140,147,151,156,162,158,154,155,152,145,137,130,122,119,117,109,115,117,108,101,106,98,94,87,90,80,74,56,48,40,32,24,16,8,15,22,30,33,40,47,55,63,74,77,81,86,91,97,102,108,114,120,126,121,115,109,102,94,81,71,64,49,35,42,56,64,72,80,88,104,112,120,128,136,145,146,148,138,132,131,131,115,106,96,87,79,78,96,97,95,102,110,118,126,135,134,145,146,148,151,156,139,149,153,146,142,135,128,133,139,140,139,139,140,141,150,146,153,157,161,155,160,166,171,165,170,176,182,176,182,187,199,200,195,190,186,182,178,174,189,192,196,199,206,203,199,196,193,190,188,190,182,180,183,185,174,163,157,168,171,149,142,138,145,142,135,132,130,128,120,114,110,106,104,97,93,88,85,81,93,101,109,117,125,133,143,151,158,178
185,187,169,154,153,143,133,125,124,117,109,101,93,85,92,86,70,63,55,47,40,45,61,69,53,37,30,22,12,8,0,8,15,25,41,41,49,48,49,51,54,58,63,76,72,69,66,65,64,65,73,72,73,74,76,79,83,87,80,68,74,84,90,97,102,108,109,103,110,116,120,125,131,136,142,137,148,154,141,140,134,127,120,114,108,101,109,118,128,133,140,147,154,158,162,169,165,161,162,160,152,145,137,130,127,125,117,122,124,115,108,113,105,101,94,97,87,80,64,56,48,40,32,24,16,20,26,33,37,44,51,58,65,77,81,86,91,97,102,108,114,120,126,133,128,121,115,109,100,88,79,71,56,42,49,64,72,80,88,96,112,120,128,136,144,153,154,156,146,140,139,139,123,114,104,95,87,85,103,104,102,110,118,126,134,143,142,153,154,156,159,163,146,156,160,153,149,142,135,139,146,147,145,145,145,146,155,150,157,161,166,160,165,171,176,170,176,182,187,182,188,193,204,205,200,195,190,186,182,178,192,196,199,204,210,206,203,199,196,193,190,192,184,183,185,189,177,165,160,171,174,153,146,142,149,145,138,135,132,130,122,117,113,110,109,102,97,93,88,85,94,102,110,118,126,133,144,153,160,179
186,189,170,155,153,143,132,124,125,116,108,100,92,84,93,88,73,65,58,51,44,44,60,68,52,36,28,20,15,16,8,0,15,27,42,41,48,49,51,54,58,63,68,80,76,72,69,66,65,64,72,73,74,76,79,83,87,92,86,74,80,90,95,102,108,114,114,107,114,120,125,131,136,142,148,143,154,160,148,147,140,134,127,120,114,108,116,124,135,140,147,155,161,165,169,176,172,169,170,168,160,152,145,137,135,132,125,130,131,122,115,120,112,108,101,103,94,87,72,64,56,48,40,32,24,27,32,37,43,49,55,62,68,81,86,91,97,102,109,114,120,126,133,139,135,128,121,115,107,95,87,79,64,49,56,71,80,88,96,104,120,128,136,144,152,161,162,164,154,148,146,146,131,122,112,102,95,93,111,112,110,118,126,134,142,151,150,161,162,164,166,171,154,163,167,160,156,149,142,146,153,154,152,151,150,151,160,155,161,166,171,165,170,176,182,176,182,187,193,188,194,199,210,210,205,200,195,190,186,182,196,199,204,208,215,210,206,203,199,196,193,194,186,185,189,192,180,168,163,174,178,157,150,146,153,149,142,138,135,132,125,120,117,115,114,108,102,97,93,88,96,103,111,119,127,135,145,155,162,180
199,202,183,168,167,157,147,139,139,131,123,115,107,99,107,101,85,77,69,62,54,59,75,83,67,51,43,35,27,19,15,15,0,13,28,26,35,35,37,40,45,50,56,67,62,58,54,52,51,51,59,59,60,62,65,69,73,78,73,63,69,79,83,90,96,101,101,93,100,107,112,118,124,130,136,131,143,149,137,137,130,123,116,109,103,97,105,114,125,131,138,146,152,155,159,166,163,159,161,160,152,145,137,129,127,126,118,121,122,114,106,111,102,99,91,93,84,77,70,62,54,47,39,32,25,33,40,47,51,58,65,72,80,92,96,100,105,110,115,121,126,132,138,144,139,133,127,121,112,99,87,80,66,53,59,73,78,86,94,101,117,125,133,141,149,157,157,158,147,142,141,141,125,117,109,102,95,94,112,113,110,118,125,133,141,150,148,159,161,163,167,172,155,166,170,164,159,153,146,150,157,159,158,158,158,160,169,164,171,175,180,173,178,185,189,183,189,195,200,194,200,206,217,218,213,209,204,200,196,192,206,210,214,218,225,221,217,214,210,207,205,206,199,197,200,203,191,179,175,185,188,167,160,156,163,160,153,149,147,144,137,132,128,124,122,116,111,106,102,99,108,116,124,132,140,148,158,167,174,193
209,210,192,177,176,166,157,149,149,141,133,125,117,109,117,109,93,85,77,70,62,70,85,93,77,62,54,46,37,25,25,27,13,0,16,18,27,25,25,27,32,37,44,54,49,45,42,41,41,42,50,49,49,50,52,56,60,66,60,51,58,67,71,77,84,89,88,80,87,94,100,105,111,117,124,119,130,137,126,126,119,111,104,97,90,85,94,103,114,120,128,135,141,144,147,154,151,148,151,150,143,135,127,119,118,117,109,111,111,103,96,100,90,88,80,81,73,65,65,58,51,44,37,32,27,38,46,54,56,64,71,79,87,98,101,104,108,113,117,124,129,134,139,145,139,133,128,122,114,100,85,78,66,55,60,72,73,80,88,96,111,119,127,135,143,149,148,149,137,133,132,132,116,109,103,99,92,93,110,110,106,113,121,128,136,146,143,154,156,159,163,170,153,165,169,163,158,152,145,151,157,159,159,160,161,164,173,169,176,180,184,177,181,188,193,186,191,197,202,196,201,207,220,221,217,212,208,204,201,197,212,215,219,222,229,226,223,220,217,214,212,214,206,204,207,209,198,187,181,192,194,172,165,162,169,166,159,156,154,152,144,138,133,129,126,119,115,111,108,105,117,125,133,141,149,157,167,175,183,202
225,226,208,193,192,182,173,165,165,157,149,141,133,125,133,125,109,101,93,85,77,85,101,109,93,77,70,62,53,41,41,42,28,16,0,8,15,9,9,15,22,30,37,44,37,32,27,25,25,27,35,33,33,35,38,43,49,55,51,45,53,61,63,68,76,79,77,68,74,83,89,95,101,108,115,111,122,129,119,121,113,105,98,90,83,78,88,98,109,116,124,132,136,138,141,148,146,144,148,149,141,133,125,117,116,117,109,109,108,101,93,96,86,85,77,76,69,61,73,66,60,54,49,45,42,54,62,70,71,79,87,95,102,113,116,119,122,126,130,137,141,146,151,156,150,145,140,135,126,111,94,88,77,68,73,83,79,86,94,101,116,123,131,138,146,151,149,149,136,133,133,133,118,111,108,107,100,102,120,118,114,121,128,135,142,153,149,159,162,165,171,178,161,174,179,173,168,162,156,162,167,170,171,173,175,178,187,183,190,194,197,191,195,201,206,199,204,210,215,209,214,220,233,235,230,226,222,219,215,212,227,230,233,237,244,241,237,235,232,230,228,230,222,220,222,224,213,202,197,207,209,187,180,177,184,181,174,171,169,168,160,154,148,144,140,133,129,126,123,121,133,141,149,157,165,173,183,191,198,218
225,227,209,194,193,183,173,165,165,157,149,141,133,125,133,126,110,102,95,87,79,85,101,109,93,77,69,61,53,42,41,41,26,18,8,0,9,9,15,22,30,37,45,51,44,37,32,27,25,25,33,33,35,38,43,49,55,62,58,53,61,68,71,76,83,86,84,74,80,89,95,101,108,115,122,119,129,137,127,129,121,113,105,98,90,86,96,105,117,124,132,140,144,146,148,156,154,152,156,157,149,141,133,125,124,125,117,117,116,109,101,104,94,93,85,84,77,69,79,73,66,60,54,49,45,56,64,71,74,81,89,97,104,116,119,122,126,130,135,141,146,151,156,162,156,150,145,140,131,116,100,94,83,73,77,88,86,94,101,108,123,131,138,146,154,159,157,157,144,141,141,141,126,119,116,114,107,109,126,125,121,128,135,142,149,160,156,166,169,172,178,185,168,180,185,179,174,168,162,167,173,176,176,177,179,182,191,187,194,197,201,195,199,206,210,204,209,215,220,214,219,225,237,239,235,230,226,222,219,215,230,233,237,240,247,244,241,237,235,232,230,231,224,222,224,227,216,204,199,209,212,190,183,180,187,184,177,174,171,169,162,156,151,147,144,137,133,129,126,123,134,142,150,158,166,174,184,193,200,219
233,236,218,202,201,191,180,172,173,164,156,148,140,132,141,135,119,111,103,96,88,92,108,116,100,84,76,68,61,51,49,48,35,27,15,9,0,8,16,24,32,40,48,51,44,36,29,23,18,16,24,26,29,34,40,47,54,61,59,56,64,71,72,76,84,87,83,73,77,87,94,101,108,115,122,119,130,137,129,131,123,115,107,99,92,88,98,108,120,127,135,143,146,148,150,158,156,154,159,160,152,144,136,128,129,129,122,120,119,112,104,107,97,96,88,87,80,72,87,80,74,68,63,58,54,65,73,80,83,90,98,105,113,125,128,131,135,139,144,150,155,160,165,170,165,159,154,149,140,125,109,102,91,81,86,97,94,101,108,115,130,137,145,152,160,164,162,161,149,145,146,146,131,125,122,121,115,117,134,133,128,135,142,149,156,167,163,173,176,179,185,192,176,189,194,188,182,176,170,176,182,184,185,186,188,191,199,196,203,206,210,204,208,215,219,213,217,224,229,222,227,234,246,248,243,239,235,231,228,224,239,242,246,249,256,253,249,246,243,241,238,240,232,231,233,236,224,213,208,218,221,199,192,189,196,193,185,183,180,178,170,165,160,156,153,146,142,138,135,132,143,150,158,166,174,182,193,201,208,227
233,235,216,201,201,191,181,173,172,165,157,149,141,133,140,133,118,110,102,94,86,93,109,117,101,85,77,69,60,49,48,49,35,25,9,9,8,0,8,16,24,32,40,44,36,29,23,18,16,18,26,24,26,29,34,40,47,54,51,48,56,63,65,69,76,79,76,66,71,80,87,94,101,108,115,112,122,130,121,123,115,107,99,92,84,80,90,100,112,119,127,135,139,140,142,150,148,146,151,152,144,136,128,120,121,122,114,112,111,104,96,99,89,88,80,79,72,64,80,74,68,63,58,54,51,63,70,78,80,88,96,103,111,122,125,128,131,135,139,146,150,155,160,165,159,154,149,144,135,120,102,97,86,77,81,91,87,94,101,108,122,130,137,145,152,157,154,153,141,137,139,139,123,117,115,115,109,111,128,126,121,128,135,142,149,160,156,165,169,172,178,186,169,182,188,182,176,170,165,170,176,179,180,181,184,187,196,192,199,203,206,199,204,210,215,208,213,219,224,217,222,229,241,243,239,235,231,228,224,221,236,239,242,246,253,249,246,243,241,238,236,238,230,229,231,233,222,211,205,216,218,196,189,185,193,190,183,180,178,176,168,163,157,153,149,142,138,135,132,130,141,149,157,165,173,181,192,200,207,226
233,234,215,201,201,191,181,173,173,165,157,149,141,133,141,133,117,109,101,93,85,94,110,118,102,86,78,70,61,48,49,51,37,25,9,15,16,8,0,8,16,24,32,36,29,23,18,16,18,23,29,26,24,26,29,34,40,47,44,40,48,55,57,61,69,72,69,60,66,74,80,87,94,101,108,104,115,122,113,115,107,99,92,84,76,72,82,92,104,111,119,127,131,132,135,142,140,139,143,144,136,128,120,112,113,114,106,104,103,96,88,91,81,80,72,71,64,56,74,68,63,58,54,51,49,61,69,77,78,86,94,102,110,120,122,125,128,131,135,142,146,150,155,160,154,149,144,139,130,115,97,91,81,74,77,86,80,87,94,101,115,122,130,137,145,149,146,145,133,129,131,131,115,109,108,109,102,105,122,120,115,121,128,135,142,153,149,158,161,165,171,179,163,176,182,176,170,165,159,165,170,174,175,177,180,183,192,189,196,199,203,196,199,206,210,204,208,215,219,213,217,224,237,239,235,231,228,224,221,218,233,236,239,242,249,246,243,241,238,236,234,237,229,227,229,231,220,209,203,213,216,193,185,183,190,188,180,178,176,175,167,161,155,150,145,138,135,132,130,128,141,149,157,165,173,181,191,198,206,225
233,233,215,201,201,191,182,174,173,166,158,150,143,135,141,132,116,108,100,92,84,96,111,119,103,88,80,73,63,49,51,54,40,27,15,22,24,16,8,0,8,16,24,29,23,18,16,18,23,29,34,29,26,24,26,29,34,40,36,32,40,47,49,54,61,65,63,54,60,68,74,80,87,94,101,97,108,115,105,107,99,92,84,76,69,65,74,84,96,103,111,119,123,125,127,135,132,131,135,136,128,120,112,104,105,106,98,96,95,88,80,83,73,72,64,63,56,48,68,63,58,54,51,49,48,60,68,76,77,85,93,101,109,118,120,122,125,128,131,138,142,146,150,155,149,144,139,135,126,110,91,86,77,71,74,81,74,80,87,94,108,115,122,130,137,141,139,137,125,122,123,123,107,102,101,102,97,100,116,114,109,115,121,128,135,146,142,151,154,158,165,173,157,170,176,170,165,159,154,160,165,169,170,173,176,180,189,185,193,196,199,192,196,203,206,199,204,210,215,208,213,219,232,235,231,228,224,221,218,216,231,233,236,239,246,243,241,238,236,234,233,235,227,225,227,229,218,208,201,211,213,190,183,180,188,186,178,176,175,174,166,159,153,147,142,135,132,130,128,126,140,148,156,164,172,180,191,198,205,225
233,233,215,201,201,192,183,175,174,168,160,152,144,136,143,133,117,109,101,93,85,98,113,121,105,90,83,76,65,51,54,58,45,32,22,30,32,24,16,8,0,8,16,23,18,16,18,23,29,36,40,34,29,26,24,26,29,34,29,24,32,39,42,47,54,58,57,49,56,63,68,74,80,87,94,90,101,108,98,99,92,84,76,69,61,57,66,76,88,95,103,111,115,117,119,127,125,123,127,128,120,112,104,96,97,98,90,88,87,80,72,75,65,64,56,55,48,40,63,58,54,51,49,48,49,61,69,77,76,84,92,100,108,117,118,120,122,125,128,135,138,142,146,150,144,139,135,131,122,106,86,81,74,70,71,77,68,74,80,87,101,108,115,122,130,133,131,129,117,114,115,115,99,94,94,97,91,95,111,108,102,109,115,121,128,139,135,144,147,151,158,167,151,165,170,165,159,154,149,155,160,164,166,169,172,177,185,183,190,193,196,189,192,199,203,196,199,206,210,204,208,215,228,231,228,224,221,218,216,213,229,231,233,236,243,241,238,236,234,233,231,234,226,223,225,227,216,206,200,209,211,188,180,178,186,184,176,175,174,173,165,158,151,145,140,132,130,128,126,125,141,149,157,165,173,181,191,197,205,225
233,232,215,201,202,193,185,177,175,169,162,154,146,138,144,133,118,110,102,94,86,101,116,123,108,94,86,79,68,54,58,63,50,37,30,37,40,32,24,16,8,0,8,18,16,18,23,29,36,44,47,40,34,29,26,24,26,29,23,16,24,32,34,40,47,52,52,45,52,58,63,68,74,80,87,83,94,101,90,92,84,76,69,61,54,49,59,68,80,87,95,103,107,109,112,119,117,115,119,120,112,104,96,88,89,90,82,80,79,72,64,67,57,56,48,47,40,32,58,54,51,49,48,49,51,63,70,78,77,85,93,101,109,117,117,118,120,122,125,132,135,138,142,146,139,135,131,128,119,102,81,77,71,69,70,74,63,68,74,80,94,101,108,115,122,126,123,122,109,106,107,107,92,87,87,91,86,90,106,102,97,102,109,115,121,133,128,136,140,145,152,161,145,159,165,160,154,149,144,150,155,159,162,165,169,174,183,180,188,190,193,185,189,196,199,192,196,203,206,199,204,210,224,228,224,221,218,216,213,211,227,229,231,233,241,238,236,234,233,231,230,233,225,222,223,225,215,205,198,208,209,186,178,176,184,183,175,174,173,173,165,157,150,143,137,130,128,126,125,125,141,149,157,165,173,181,191,197,204,225
234,233,215,201,204,194,187,179,177,171,164,156,148,141,146,135,119,111,103,96,88,104,119,126,111,97,90,84,73,58,63,68,56,44,37,45,48,40,32,24,16,8,0,16,18,23,29,36,44,51,54,47,40,34,29,26,24,26,18,8,16,24,28,34,40,46,47,42,50,54,58,63,68,74,80,76,87,94,83,84,76,69,61,54,47,42,51,61,72,79,87,95,99,102,104,112,109,107,111,112,104,96,88,80,81,82,74,72,71,64,56,59,49,48,40,39,32,24,54,51,49,48,49,51,54,65,73,80,78,86,94,102,110,117,117,117,118,120,122,130,132,135,138,142,135,131,128,125,116,99,77,74,70,69,69,71,58,63,68,74,87,94,101,108,115,118,115,114,101,98,99,99,84,79,80,86,81,86,101,97,91,97,102,109,115,126,121,129,134,138,145,155,139,154,160,155,149,144,139,146,150,155,158,162,166,171,180,178,186,188,190,183,185,193,196,189,192,199,203,196,199,206,221,224,221,218,216,213,211,209,225,227,229,231,238,236,234,233,231,230,229,233,225,221,222,223,214,205,198,206,208,184,176,175,183,182,174,173,173,173,165,157,149,142,135,128,126,125,125,125,143,150,158,166,174,182,192,197,205,225
250,249,231,217,219,210,202,195,193,187,179,171,164,156,162,150,135,127,119,111,103,119,133,141,126,111,104,97,86,72,76,80,67,54,44,51,51,44,36,29,23,18,16,0,8,16,24,32,40,48,49,41,33,26,18,12,8,12,8,18,23,24,22,26,33,36,34,27,35,40,46,52,58,65,72,69,79,87,78,81,73,65,57,49,41,38,48,58,70,79,87,95,97,98,99,107,106,105,111,114,106,98,90,82,84,87,79,74,71,66,59,59,49,51,44,39,36,29,69,66,65,64,65,66,69,80,88,96,94,102,110,118,126,133,133,133,134,135,137,145,147,150,153,156,149,145,142,140,131,114,92,89,85,85,85,87,72,76,80,86,97,103,109,116,123,124,119,117,103,102,104,104,90,87,91,99,95,101,115,110,104,109,114,119,125,136,131,138,143,148,156,166,151,166,173,168,161,157,153,160,164,169,172,177,181,187,196,194,201,203,205,198,200,208,211,203,206,214,217,210,213,221,235,239,236,233,231,229,227,225,241,242,244,246,254,252,250,248,247,246,245,249,241,237,238,239,230,221,213,222,223,200,192,191,198,198,190,189,189,189,181,173,165,158,151,143,142,141,141,141,158,166,174,182,190,198,207,213,221,241
249,248,231,217,218,208,201,193,191,185,177,169,162,154,160,149,133,126,118,110,102,116,131,138,123,108,101,94,83,69,72,76,62,49,37,44,44,36,29,23,18,16,18,8,0,8,16,24,32,40,41,33,26,18,12,8,12,18,16,23,29,32,30,33,41,44,40,32,38,46,52,58,65,72,79,76,87,94,86,89,81,73,65,57,49,46,56,66,78,87,95,103,105,106,107,115,114,113,119,122,114,106,98,90,92,94,87,82,79,74,66,67,57,59,51,47,44,36,72,69,66,65,64,65,66,78,86,94,93,101,109,117,125,133,133,134,135,137,140,147,150,153,156,160,153,149,145,142,133,117,95,92,87,85,85,89,76,80,86,91,103,109,116,123,129,131,127,125,111,109,112,112,97,94,97,104,99,104,119,115,109,114,119,125,131,142,137,145,149,154,162,172,156,171,177,173,166,161,157,164,168,173,176,180,184,189,198,196,203,205,208,200,203,211,214,206,210,217,221,213,217,224,238,242,239,236,233,231,229,227,242,244,246,248,256,254,252,250,248,247,246,249,241,238,239,241,231,221,214,223,225,201,194,192,200,198,191,190,189,189,181,173,166,159,153,145,143,142,141,141,157,165,173,181,189,197,207,213,220,241
249,249,231,217,217,207,199,191,190,183,175,168,160,152,158,149,133,125,117,109,101,113,129,136,121,105,98,90,80,66,69,72,58,45,32,37,36,29,23,18,16,18,23,16,8,0,8,16,24,32,33,26,18,12,8,12,18,26,24,29,36,39,38,41,49,51,47,37,43,52,58,65,72,79,87,84,94,102,94,97,89,81,73,65,57,54,64,74,86,95,103,111,113,114,115,123,122,121,127,129,122,114,106,98,99,102,94,90,87,82,74,75,65,66,59,55,51,44,76,72,69,66,65,64,65,77,85,93,92,100,108,116,124,133,134,135,137,140,142,150,153,156,160,164,157,153,149,145,137,120,99,95,89,85,87,92,80,86,91,97,109,116,123,129,136,139,135,132,119,117,119,119,104,101,103,109,104,108,124,120,114,119,125,131,137,149,144,151,156,160,168,177,162,176,182,177,171,166,161,168,173,177,180,183,187,192,200,198,205,208,211,203,206,214,217,210,213,221,224,217,221,228,242,246,242,239,236,233,231,229,244,246,248,251,259,256,254,252,250,248,247,250,242,239,241,242,232,222,216,225,227,203,196,194,201,200,192,191,190,189,181,174,167,161,155,147,145,143,142,141,157,165,173,181,189,197,207,213,221,241
249,249,231,217,217,207,198,190,189,182,174,166,158,150,157,148,132,124,116,108,100,111,127,135,119,103,96,88,78,65,66,69,54,42,27,32,29,23,18,16,18,23,29,24,16,8,0,8,16,24,26,18,12,8,12,18,26,33,32,36,44,47,46,49,57,59,54,44,49,58,65,72,79,87,94,92,102,109,102,105,97,89,81,73,65,62,72,82,94,103,111,119,121,122,123,131,129,129,135,137,129,122,114,106,107,109,102,98,95,90,82,83,73,74,66,63,59,51,80,76,72,69,66,65,64,76,84,92,93,101,109,117,125,134,135,137,140,142,145,153,156,160,164,168,161,157,153,149,140,124,104,99,92,87,89,95,86,91,97,103,116,123,129,136,144,146,142,140,127,125,127,127,112,108,109,114,109,113,129,125,119,125,131,137,144,155,150,158,162,167,174,183,167,182,188,182,176,171,166,173,177,181,184,187,190,194,203,200,208,211,214,206,210,217,221,213,217,224,228,221,226,232,246,249,246,242,239,236,233,231,246,248,251,254,261,259,256,254,252,250,248,251,243,241,242,244,233,223,217,227,229,205,198,196,203,201,194,192,191,190,182,175,168,163,157,150,147,145,143,142,156,164,172,180,188,196,207,213,221,241
249,250,231,217,217,207,197,189,189,181,173,165,157,149,157,149,133,125,117,109,101,110,126,133,118,102,94,86,77,64,65,66,52,41,25,27,23,18,16,18,23,29,36,32,24,16,8,0,8,16,18,12,8,12,18,26,33,41,40,44,51,55,54,57,65,66,61,51,55,65,72,79,87,94,102,99,109,117,110,113,105,97,89,81,73,70,80,90,102,111,119,127,129,129,131,139,137,137,143,145,137,129,122,114,115,117,109,106,103,98,90,91,81,82,74,71,66,59,86,80,76,72,69,66,65,77,85,93,94,102,110,118,126,135,137,140,142,145,149,156,160,164,168,173,166,161,157,153,144,128,109,104,95,89,92,99,91,97,103,109,123,129,136,144,151,154,150,148,135,132,135,135,119,115,116,119,114,117,134,131,125,131,137,144,150,161,157,165,169,174,180,189,173,187,193,188,182,176,171,177,182,186,188,191,194,197,206,203,211,214,217,210,213,221,224,217,221,228,232,226,230,237,250,253,249,246,242,239,236,233,248,251,254,257,264,261,259,256,254,252,250,252,244,242,244,246,235,225,219,229,231,208,200,198,205,203,196,194,192,191,183,176,170,165,160,153,150,147,145,143,157,165,173,181,189,197,207,214,222,241
249,251,232,217,217,207,197,189,188,181,173,165,157,149,156,149,133,126,118,110,102,109,125,133,117,101,93,85,76,65,64,65,51,41,25,25,18,16,18,23,29,36,44,40,32,24,16,8,0,8,12,8,12,18,26,33,41,49,48,51,59,63,62,65,73,74,69,58,62,72,79,87,94,102,109,107,117,125,118,121,113,105,97,89,81,78,88,98,110,119,127,135,137,137,139,146,145,145,151,153,145,137,129,122,123,125,117,114,111,106,98,99,89,90,82,79,74,66,91,86,80,76,72,69,66,78,86,94,96,103,111,119,127,137,140,142,145,149,153,160,164,168,173,177,171,166,161,157,148,133,114,109,99,92,95,104,97,103,109,116,129,136,144,151,158,161,158,156,143,140,142,142,127,122,123,125,119,122,139,136,131,137,144,150,157,168,164,172,176,180,187,195,179,193,198,193,187,182,176,182,188,191,193,195,197,201,210,206,214,217,221,213,217,224,228,221,226,232,237,230,235,241,255,257,253,249,246,242,239,236,251,254,257,260,267,264,261,259,256,254,252,254,246,244,246,248,237,227,221,231,233,211,203,200,208,205,198,196,194,192,184,178,173,168,163,156,153,150,147,145,157,165,173,181,189,197,207,216,223,242
249,252,233,218,217,207,196,188,189,180,172,164,156,148,157,150,135,127,119,111,103,108,124,132,116,100,92,84,77,66,65,64,51,42,27,25,16,18,23,29,36,44,51,48,40,32,24,16,8,0,8,12,18,26,33,41,49,57,56,59,66,71,70,73,81,82,76,65,68,79,87,94,102,109,117,115,125,132,126,129,121,113,105,97,89,86,96,106,118,127,135,143,145,145,146,154,153,153,159,161,153,145,137,129,131,132,125,122,119,114,106,107,97,98,90,87,82,74,97,91,86,80,76,72,69,80,88,96,98,105,113,121,129,140,142,145,149,153,157,164,168,173,177,182,176,171,166,161,153,137,119,114,104,95,99,109,103,109,116,123,136,144,151,158,165,169,165,164,150,148,150,150,135,130,129,131,125,128,145,142,137,144,150,157,164,175,171,179,183,187,194,202,185,199,204,198,193,187,182,188,193,196,197,199,201,204,213,210,217,221,224,217,221,228,232,226,230,237,241,235,240,246,259,261,257,253,249,246,242,239,254,257,260,263,271,267,264,261,259,256,254,256,248,246,248,251,240,229,223,233,236,214,206,203,211,208,200,198,196,194,186,180,175,171,167,160,156,153,150,147,158,166,174,182,190,198,208,217,224,243
257,260,241,226,225,215,204,196,197,188,180,172,164,156,165,158,143,135,127,119,111,116,132,140,124,108,100,92,85,74,73,72,59,50,35,33,24,26,29,34,40,47,54,49,41,33,26,18,12,8,0,8,16,24,32,40,48,56,57,61,69,72,71,72,80,81,74,63,65,76,84,92,99,107,115,114,123,131,125,128,120,112,104,96,88,87,97,107,119,127,135,143,144,145,145,153,153,152,159,162,154,146,139,131,132,135,127,123,120,115,107,108,98,99,92,88,84,76,102,97,92,87,83,79,76,88,96,103,105,113,121,129,136,147,150,153,156,160,164,171,175,179,184,189,182,177,173,168,159,144,125,120,110,102,106,115,108,114,120,127,140,147,154,161,169,171,168,165,152,150,152,152,137,133,134,136,131,134,150,148,142,149,155,161,168,179,175,183,187,191,198,207,191,204,210,204,198,193,188,194,199,202,204,206,208,212,221,217,224,228,231,224,228,235,239,232,237,243,248,241,246,253,266,268,264,260,256,253,249,246,261,264,267,271,278,275,272,269,266,264,262,263,256,254,256,259,247,236,231,241,243,221,214,211,218,216,208,205,203,201,194,188,183,178,174,167,163,160,157,155,166,174,182,190,198,206,216,225,232,251
257,258,240,225,225,215,205,197,196,189,181,173,165,157,164,157,141,133,126,118,110,117,133,141,125,109,101,93,84,73,72,73,59,49,33,33,26,24,26,29,34,40,47,41,33,26,18,12,8,12,8,0,8,16,24,32,40,48,49,54,61,65,63,64,72,73,66,55,58,69,76,84,92,99,107,106,115,123,117,120,112,104,96,88,80,79,89,99,111,119,127,135,136,137,137,145,145,144,151,154,146,139,131,123,125,127,119,115,112,107,99,100,90,92,84,80,76,69,97,92,87,83,79,76,74,86,94,102,103,111,119,127,135,145,147,150,153,156,160,167,171,175,179,184,177,173,168,164,155,139,120,115,106,99,102,110,102,108,114,120,134,140,147,154,161,164,160,158,144,142,145,145,130,126,127,131,125,129,145,142,136,142,149,155,161,173,168,176,180,185,192,201,185,198,204,199,193,188,182,189,194,197,199,201,204,208,217,214,221,224,228,221,224,231,235,228,232,239,243,237,241,248,261,264,260,256,253,249,246,243,259,261,264,267,275,272,269,266,264,262,260,262,254,252,254,256,245,234,229,238,241,218,211,208,216,213,205,203,201,200,192,186,180,175,171,163,160,157,155,153,165,173,181,189,197,205,215,223,231,250
257,258,239,225,225,215,205,197,197,189,181,173,165,157,165,157,141,133,125,117,109,118,133,141,126,110,102,94,85,72,73,74,60,49,33,35,29,26,24,26,29,34,40,33,26,18,12,8,12,18,16,8,0,8,16,24,32,40,41,47,54,57,55,56,64,65,59,47,51,61,69,76,84,92,99,98,107,115,109,112,104,96,88,80,72,71,81,91,103,111,119,127,128,129,129,137,137,136,143,146,139,131,123,115,117,119,112,107,104,99,92,92,82,84,76,72,69,61,92,87,83,79,76,74,73,85,93,101,102,110,118,126,133,143,145,147,150,153,156,163,167,171,175,179,173,168,164,160,151,135,115,110,102,97,99,106,97,102,108,114,127,134,140,147,154,156,152,150,136,135,137,137,122,119,120,125,120,124,140,136,131,136,142,149,155,166,161,169,174,178,185,194,179,193,199,194,188,182,177,184,189,193,195,197,201,205,214,211,218,221,224,217,221,228,231,224,228,235,239,232,237,243,257,260,256,253,249,246,243,241,256,259,261,264,272,269,266,264,262,260,258,260,252,250,252,254,243,233,227,236,238,216,208,205,213,211,203,201,200,198,191,184,178,173,168,160,157,155,153,151,165,173,181,189,197,205,215,222,230,249
257,257,239,225,225,215,206,198,197,190,182,174,166,158,165,156,140,132,124,116,108,119,135,143,127,111,103,96,86,73,74,76,62,50,35,38,34,29,26,24,26,29,34,26,18,12,8,12,18,26,24,16,8,0,8,16,24,32,33,40,47,49,47,48,56,57,51,40,44,54,61,69,76,84,92,90,99,107,101,104,96,88,80,72,64,63,73,83,95,103,111,119,120,121,122,129,129,128,135,139,131,123,115,107,109,112,104,99,96,92,84,84,74,76,69,65,61,54,87,83,79,76,74,73,72,84,92,100,101,109,117,125,133,142,143,145,147,150,153,160,163,167,171,175,168,164,160,156,147,131,110,106,99,95,97,102,92,97,102,108,120,127,134,140,147,149,145,142,129,127,130,130,115,112,114,120,115,119,135,131,125,131,136,142,149,160,155,162,167,172,179,189,173,188,194,189,182,177,173,179,184,188,191,194,197,202,211,208,216,218,221,214,217,224,228,221,224,231,235,228,232,239,253,256,253,249,246,243,241,238,254,256,259,261,269,266,264,262,260,258,256,259,251,248,250,252,241,231,225,234,236,213,205,203,211,209,201,200,198,198,190,183,176,170,165,157,155,153,151,150,164,172,180,188,196,204,215,221,229,249
257,257,239,225,225,215,207,199,198,191,183,175,168,160,166,157,141,133,125,117,109,121,136,144,129,113,105,98,88,74,76,79,65,52,38,43,40,34,29,26,24,26,29,18,12,8,12,18,26,33,32,24,16,8,0,8,16,24,26,34,40,42,39,40,48,49,44,33,37,47,54,61,69,76,84,82,92,99,93,96,88,80,72,64,56,55,65,75,87,95,103,111,112,113,114,122,121,120,127,131,123,115,107,99,102,104,97,92,88,84,76,76,66,69,61,57,54,47,83,79,76,74,73,72,73,85,93,101,100,108,116,124,132,141,142,143,145,147,150,157,160,163,167,171,164,160,156,153,144,128,106,102,97,93,95,99,87,92,97,102,114,120,127,134,140,142,137,135,121,119,122,122,108,105,108,115,110,115,130,126,120,125,131,136,142,154,149,156,160,165,173,183,168,182,189,184,177,173,168,175,179,184,187,190,194,199,208,205,213,216,218,211,214,221,224,217,221,228,231,224,228,235,249,253,249,246,243,241,238,236,252,254,256,259,266,264,262,260,258,256,255,258,250,247,248,250,240,230,223,233,234,211,203,201,209,208,200,198,198,197,189,182,175,168,163,155,153,151,150,149,165,173,181,189,197,205,215,221,229,249
257,256,239,225,226,216,208,201,199,193,185,177,169,162,168,157,141,133,126,118,110,123,138,146,131,116,108,101,90,76,79,83,69,56,43,49,47,40,34,29,26,24,26,12,8,12,18,26,33,41,40,32,24,16,8,0,8,16,18,29,34,34,32,32,40,41,36,26,32,40,47,54,61,69,76,74,84,92,85,88,80,72,64,56,48,47,57,67,79,87,95,103,104,105,106,114,113,112,119,123,115,107,99,92,94,97,90,84,80,76,69,68,59,61,54,49,47,40,79,76,74,73,72,73,74,86,94,102,101,109,117,125,133,141,141,142,143,145,147,155,157,160,163,167,160,156,153,150,141,125,102,99,95,93,93,97,83,87,92,97,108,114,120,127,134,135,130,127,113,112,115,115,101,98,102,110,106,111,126,121,115,120,125,131,136,148,142,149,154,159,167,177,162,177,184,179,173,168,164,171,175,180,183,187,192,197,205,203,211,213,216,208,211,218,221,214,217,224,228,221,224,231,246,249,246,243,241,238,236,234,250,252,254,256,264,262,260,258,256,255,254,257,249,246,247,248,239,229,222,231,233,209,201,200,208,206,198,198,197,197,189,181,174,167,161,153,151,150,149,149,165,173,181,189,197,205,215,221,228,249
258,257,239,225,227,218,210,202,201,195,187,179,171,164,169,158,143,135,127,119,111,126,141,148,133,119,111,104,94,79,83,87,73,60,49,55,54,47,40,34,29,26,24,8,12,18,26,33,41,49,48,40,32,24,16,8,0,8,12,26,29,28,24,24,32,33,29,20,27,34,40,47,54,61,69,66,76,84,77,80,72,64,56,48,40,39,49,59,71,79,87,95,96,97,98,106,105,104,111,115,107,99,92,84,87,90,83,76,72,69,61,61,51,54,47,42,40,34,76,74,73,72,73,74,76,88,96,103,102,110,118,126,133,141,141,141,142,143,145,153,155,157,160,163,156,153,150,147,138,122,99,97,93,93,93,95,79,83,87,92,102,108,114,120,127,128,122,119,105,104,108,108,94,92,97,106,102,108,122,117,110,115,120,125,131,142,136,143,148,153,162,172,157,173,179,175,168,164,160,167,171,176,180,184,189,195,203,201,209,211,213,205,208,216,218,211,214,221,224,217,221,228,242,246,243,241,238,236,234,233,248,250,252,254,262,260,258,256,255,254,253,257,249,245,246,247,238,229,221,230,231,208,200,198,206,205,198,197,197,197,189,181,173,166,159,151,150,149,149,149,166,174,182,190,198,206,215,221,229,249
259,257,239,226,229,219,212,204,202,197,189,181,174,166,171,160,144,136,129,121,113,129,144,151,137,122,115,108,97,83,87,92,78,66,55,62,61,54,47,40,34,29,26,12,18,26,33,41,49,57,56,48,40,32,24,16,8,0,8,24,26,22,17,16,24,26,23,17,25,29,34,40,47,54,61,59,69,76,69,72,64,56,48,40,32,32,41,51,63,72,79,87,88,89,90,98,97,96,103,107,99,92,84,76,79,83,76,69,65,61,54,53,44,47,40,34,34,29,74,73,72,73,74,76,79,90,98,105,103,111,119,127,135,141,141,141,141,142,143,151,153,155,157,160,153,150,147,145,136,120,97,95,93,93,93,93,76,79,83,87,97,102,108,114,120,121,115,112,98,97,101,101,87,86,92,102,99,105,119,113,106,110,115,120,125,136,131,137,142,148,156,167,153,168,175,171,164,160,156,163,167,172,177,181,187,193,201,200,208,209,211,203,205,213,216,208,211,218,221,214,217,224,239,243,241,238,236,234,233,231,247,248,250,252,260,258,256,255,254,253,253,257,249,245,245,246,237,229,221,229,230,206,198,198,205,205,197,197,197,197,189,181,173,165,158,150,149,149,149,149,168,175,183,191,199,207,216,221,229,249
251,249,231,218,221,211,204,197,195,189,181,174,166,159,164,152,136,129,121,113,105,122,137,144,129,115,108,101,90,76,80,86,73,60,51,58,59,51,44,36,29,23,18,8,16,24,32,40,48,56,57,49,41,33,26,18,12,8,0,16,18,17,14,18,26,29,29,25,33,36,40,46,52,58,65,61,72,79,70,73,65,57,49,41,33,30,40,50,62,71,79,87,89,90,92,99,98,97,103,106,98,90,82,74,76,79,72,66,63,59,51,51,41,44,36,32,29,23,66,65,64,65,66,69,72,83,90,98,96,103,111,119,127,133,133,133,133,134,135,143,145,147,150,153,145,142,140,137,129,112,89,87,85,85,85,85,69,72,76,80,91,97,103,109,116,117,112,109,96,94,97,97,83,80,86,95,92,98,111,106,99,104,109,114,119,131,125,132,137,142,150,161,146,161,168,164,157,153,149,156,160,165,169,174,179,185,194,192,200,201,203,196,198,205,208,200,203,211,214,206,210,217,232,236,233,231,229,227,225,223,239,241,242,244,252,250,248,247,246,245,245,249,241,237,237,238,229,221,213,221,222,198,191,190,198,197,189,189,189,189,181,173,165,157,150,142,141,141,141,141,160,168,175,183,191,199,208,213,221,241
235,233,215,202,205,196,189,181,179,174,166,159,151,144,148,136,121,113,105,98,90,108,122,129,115,101,95,89,77,63,68,74,63,51,45,53,56,48,40,32,24,16,8,18,23,29,36,44,51,59,61,54,47,40,34,29,26,24,16,0,8,17,22,29,34,40,44,41,49,51,54,58,63,68,74,69,80,87,76,76,69,61,54,47,40,34,44,53,65,72,79,87,92,94,97,104,102,99,103,104,96,88,80,72,73,74,66,64,63,56,48,51,41,40,32,32,24,16,51,49,48,49,51,54,58,68,76,83,80,88,96,103,111,117,117,117,117,118,120,128,130,132,135,138,131,128,125,122,113,97,74,71,69,70,69,70,54,58,63,68,80,87,94,101,108,111,107,106,93,90,92,92,76,72,74,81,77,83,97,93,86,91,97,102,109,120,115,123,127,132,139,149,134,149,155,150,144,139,135,142,146,151,154,159,164,169,178,176,184,186,188,180,183,190,193,185,189,196,199,192,196,203,217,221,218,216,213,211,209,208,223,225,227,229,236,234,233,231,230,229,229,233,225,221,221,222,213,205,197,205,206,183,175,174,182,181,173,173,173,173,165,157,149,141,134,126,125,125,125,125,144,152,160,168,175,183,193,197,205,225
237,234,216,204,207,197,192,184,181,177,169,162,154,147,151,138,123,116,108,101,94,113,126,133,119,106,100,94,83,68,74,80,69,58,53,61,64,56,48,40,32,24,16,23,29,36,44,51,59,66,69,61,54,47,40,34,29,26,18,8,0,10,18,26,29,36,41,41,49,49,51,54,58,63,68,63,74,80,68,69,61,54,47,40,34,28,36,45,57,64,72,79,84,87,90,97,94,92,95,96,88,80,72,64,65,66,59,56,55,48,40,43,33,32,24,24,16,8,49,48,49,51,54,58,63,73,79,86,83,90,98,105,113,118,117,117,117,117,118,126,128,130,132,135,128,125,122,120,111,95,71,70,69,71,70,69,51,54,58,63,74,80,87,94,101,103,99,98,85,82,84,84,69,65,68,77,74,80,94,88,81,86,91,97,102,114,109,116,120,125,133,144,129,144,150,146,139,135,131,138,142,147,151,156,162,168,176,175,183,184,186,178,180,188,190,183,185,193,196,189,192,199,214,218,216,213,211,209,208,206,222,223,225,227,234,233,231,230,229,229,229,233,225,221,221,221,213,205,197,205,205,182,174,173,181,181,173,173,173,174,166,157,149,141,133,125,125,125,125,126,146,154,162,169,177,185,194,198,206,226
246,242,225,213,216,207,201,194,191,186,179,171,164,157,161,148,133,125,118,111,103,123,136,143,129,116,110,104,93,78,84,90,79,67,61,68,71,63,55,47,39,32,24,24,32,39,47,55,63,71,72,65,57,49,42,34,28,22,17,17,10,0,8,17,19,26,33,34,42,41,42,44,48,53,58,53,65,71,60,61,53,45,38,31,25,18,28,37,49,57,65,73,76,78,81,89,86,84,89,91,83,75,67,59,61,63,56,51,48,43,35,36,26,28,20,16,13,9,57,57,58,61,64,68,73,83,89,96,93,100,107,115,123,127,126,125,125,125,125,133,134,136,138,140,133,130,128,126,118,101,78,77,77,81,79,77,57,59,62,66,76,81,87,93,100,101,96,94,80,78,81,81,67,65,70,82,80,86,99,93,85,89,94,99,104,115,109,116,121,126,135,146,131,147,154,150,143,139,136,143,146,152,157,162,168,174,183,182,190,191,192,184,186,194,196,188,191,198,201,194,197,204,219,224,221,219,217,216,215,214,230,230,232,233,241,240,238,238,237,237,237,241,233,229,229,229,221,213,205,213,213,189,181,181,189,189,181,181,181,182,174,165,157,149,141,133,133,133,134,135,155,163,171,179,186,194,203,206,215,235
253,250,233,221,224,215,209,201,198,194,186,179,171,164,168,155,140,133,125,118,111,129,143,150,136,123,116,110,99,84,90,95,83,71,63,71,72,65,57,49,42,34,28,22,30,38,46,54,62,70,71,63,55,47,39,32,24,17,14,22,18,8,0,9,13,19,25,26,34,33,34,37,42,47,53,49,60,67,57,59,51,43,35,28,20,16,26,36,48,57,65,73,75,76,78,86,84,83,89,92,84,76,68,61,63,67,60,53,49,45,38,37,28,31,25,18,19,17,65,65,66,68,71,75,79,89,96,103,100,107,115,123,130,135,134,133,133,133,133,141,142,144,146,148,140,138,136,134,126,109,86,85,85,88,86,85,65,67,70,73,82,87,92,98,105,104,99,96,82,81,85,85,71,70,77,90,87,94,106,100,93,96,100,105,110,121,115,121,126,132,141,152,138,154,161,157,150,146,143,151,154,159,164,170,176,182,191,190,198,199,200,192,194,202,204,196,198,206,209,201,204,211,226,231,229,227,225,224,223,222,238,238,240,241,249,247,246,245,245,245,245,249,241,237,237,237,229,221,213,221,221,197,189,189,197,197,189,189,189,190,182,173,165,157,149,141,141,141,142,143,163,171,179,186,194,202,211,214,223,243
262,258,241,229,232,223,217,209,207,202,194,187,180,172,177,164,148,141,133,126,119,137,151,158,144,130,124,117,106,92,97,102,90,77,68,76,76,69,61,54,47,40,34,26,33,41,49,57,65,73,72,64,56,48,40,32,24,16,18,29,26,17,9,0,8,12,16,20,27,24,26,29,34,40,47,44,54,61,53,56,48,40,32,24,16,17,26,35,47,56,64,72,72,73,74,82,81,80,87,92,84,76,69,61,65,69,63,54,49,47,40,38,29,34,29,22,26,24,72,73,74,76,79,83,87,97,104,111,108,116,123,131,138,143,142,141,141,141,141,149,150,151,153,155,147,145,143,142,133,117,93,93,93,97,95,93,73,74,76,79,87,92,97,102,108,107,101,97,83,83,87,87,74,74,83,97,95,102,113,107,99,102,106,110,115,126,120,125,131,137,146,157,144,160,167,163,156,153,150,157,160,166,171,177,183,190,198,198,205,206,208,200,201,209,211,203,205,213,216,208,211,218,233,238,236,234,233,231,230,229,245,246,247,248,256,255,254,253,253,253,253,257,249,245,245,245,236,229,221,229,229,205,197,197,205,205,197,197,198,198,191,182,173,165,157,149,149,149,150,151,171,179,187,195,202,210,219,222,231,251
263,260,243,230,235,225,220,212,209,205,197,190,183,176,180,166,151,144,137,129,122,141,155,162,148,135,129,122,111,97,102,108,96,84,76,83,84,76,69,61,54,47,40,33,41,49,57,65,73,81,80,72,64,56,48,40,32,24,26,34,29,19,13,8,0,8,18,26,32,26,24,26,29,34,40,36,47,54,45,48,40,32,24,16,8,10,18,28,39,48,56,64,64,65,66,74,73,72,79,84,76,69,61,54,58,63,57,47,42,40,34,31,23,29,26,18,24,26,73,74,76,79,83,87,92,101,108,115,111,119,126,133,141,145,143,142,141,141,141,149,149,150,151,153,145,143,142,141,133,117,93,93,95,99,97,93,72,73,74,76,83,87,92,97,102,100,94,90,76,76,80,80,68,69,79,95,93,101,111,104,97,99,102,106,110,121,115,119,125,132,141,153,140,156,163,160,153,150,147,155,157,164,169,175,182,189,198,197,205,205,206,198,200,208,209,201,203,211,213,205,208,216,231,236,234,233,231,230,229,229,245,245,246,247,255,254,253,253,253,253,253,257,249,245,245,245,237,229,221,229,229,205,197,197,205,205,197,198,198,200,192,183,174,165,157,149,149,150,151,153,174,181,189,197,204,212,221,223,232,252
271,268,250,238,242,233,227,220,217,212,205,197,190,183,187,174,159,151,144,137,129,148,162,169,155,141,135,129,117,103,108,114,101,89,79,86,87,79,72,65,58,52,46,36,44,51,59,66,74,82,81,73,65,57,49,41,33,26,29,40,36,26,19,12,8,0,12,22,26,18,16,18,23,29,36,33,44,51,44,49,41,33,26,18,12,18,23,31,42,51,58,66,65,64,65,73,72,73,81,87,79,72,65,58,63,68,63,52,45,46,40,36,29,36,33,25,32,33,81,82,84,87,90,94,98,108,115,122,119,126,133,141,148,153,151,150,149,149,149,157,157,158,159,161,153,151,150,149,141,125,101,101,102,107,104,101,80,81,82,84,90,94,98,103,108,105,98,94,79,80,86,86,74,76,87,102,101,109,119,112,104,107,110,113,117,128,121,125,132,138,148,160,147,163,171,168,160,157,155,163,165,171,177,183,190,197,205,205,213,213,214,206,208,216,217,209,211,219,221,213,216,223,238,244,242,241,239,238,237,237,253,253,254,255,263,262,261,261,261,261,261,265,257,253,253,253,245,237,229,237,237,213,205,205,213,213,205,205,206,208,200,191,182,173,165,157,157,158,159,161,181,189,197,204,212,220,229,231,240,260
277,274,257,244,248,238,232,224,222,217,209,202,194,187,192,179,164,156,148,141,133,151,165,172,158,144,137,130,119,105,109,114,101,88,77,84,83,76,69,63,57,52,47,34,40,47,54,61,69,76,74,66,59,51,44,36,29,23,29,44,41,33,25,16,18,12,0,12,15,8,12,18,26,33,41,40,49,57,53,59,51,44,36,29,23,28,34,42,52,61,69,76,74,73,72,80,81,82,91,97,90,83,76,69,74,80,74,63,57,57,52,47,40,47,44,35,41,40,88,89,90,92,94,97,101,111,119,126,123,131,138,146,154,159,158,157,157,157,157,165,166,167,168,170,163,161,159,158,149,133,109,109,109,112,110,109,89,90,92,94,101,105,109,114,119,117,109,105,90,92,97,97,86,87,97,112,110,118,129,122,114,117,120,124,128,139,133,137,143,149,159,171,158,174,181,178,171,168,165,173,175,181,187,193,199,206,214,213,221,222,223,216,217,225,227,219,221,229,231,223,226,233,248,254,252,250,248,247,246,245,261,262,263,264,272,271,270,269,269,269,269,273,265,261,261,261,252,245,237,245,245,221,213,213,221,221,213,213,213,214,206,198,189,181,173,165,165,165,166,167,187,195,202,210,218,226,235,238,247,267
275,273,256,243,245,235,229,221,219,213,205,198,190,183,188,176,161,153,145,137,130,145,160,168,153,138,131,124,113,99,103,107,93,80,68,74,73,66,60,54,49,45,42,27,32,37,44,51,58,65,63,55,47,40,33,26,20,17,25,41,41,34,26,20,26,22,12,0,8,15,22,30,37,45,53,52,61,69,65,70,63,55,47,40,33,36,44,52,63,72,80,87,86,85,84,92,93,94,102,108,101,94,86,79,84,89,83,73,67,66,60,57,49,54,49,42,45,42,89,89,89,89,91,93,96,107,114,122,120,128,135,143,151,157,157,156,157,157,158,166,168,169,171,174,166,164,162,160,151,135,111,110,108,110,109,109,91,93,96,99,107,112,117,122,128,126,119,115,101,101,106,106,94,94,103,116,113,120,132,126,119,122,126,130,135,146,140,145,151,157,166,177,164,180,187,183,176,172,169,177,180,185,190,196,201,208,216,215,223,224,226,218,220,228,230,222,224,232,235,227,230,237,252,257,255,253,251,249,248,247,262,264,265,266,274,273,271,270,270,269,269,272,264,261,261,262,253,244,237,245,246,222,214,213,221,221,213,212,213,213,205,197,188,181,173,165,165,164,165,165,184,192,200,208,216,223,233,237,245,266
283,281,264,251,253,243,236,229,227,221,213,205,198,190,196,184,168,161,153,145,137,153,168,175,160,145,138,131,120,106,110,114,100,87,74,80,77,71,66,60,56,52,50,35,38,43,49,55,62,68,65,58,51,44,37,32,27,25,33,49,49,42,34,27,32,26,15,8,0,12,20,28,36,44,52,53,60,68,66,73,65,58,51,44,37,42,49,57,67,76,83,90,88,86,85,93,94,96,105,111,104,97,90,84,89,94,88,77,71,71,66,61,54,60,56,48,52,50,97,97,97,97,99,100,103,114,122,130,128,135,143,151,159,165,165,164,165,165,166,174,175,177,179,181,174,171,169,168,159,143,119,118,116,118,117,117,99,100,103,106,114,118,123,128,133,131,124,119,105,106,111,111,100,100,110,123,121,128,140,133,126,129,133,137,141,153,146,151,157,163,173,184,171,187,194,190,183,180,177,184,187,193,198,203,209,216,224,223,231,232,233,226,228,235,237,230,232,240,242,235,237,245,260,265,263,260,259,257,256,255,270,271,273,274,282,281,279,278,278,277,277,280,272,269,269,270,261,252,245,253,254,230,222,221,229,229,221,220,221,221,213,205,196,189,181,173,173,172,173,173,192,200,208,216,223,231,241,245,253,274
285,282,265,252,256,246,240,232,230,224,217,209,202,194,199,187,171,164,156,148,141,158,172,180,165,151,144,137,126,112,116,120,107,94,83,89,87,80,74,68,63,58,54,40,46,52,58,65,72,79,76,69,61,54,47,40,34,29,36,51,49,41,33,24,26,18,8,15,12,0,8,16,24,32,40,41,48,56,55,61,54,47,40,34,29,35,40,47,57,65,72,79,76,74,73,81,82,84,94,101,94,87,80,74,80,86,80,68,61,63,58,53,47,54,51,43,49,48,96,97,98,99,102,104,108,119,126,133,131,138,146,154,162,167,166,165,165,165,165,173,174,175,176,178,170,168,167,166,157,141,117,117,117,120,118,117,97,98,99,102,108,112,116,120,125,122,114,109,95,97,102,102,92,94,104,120,118,126,136,130,122,125,128,131,135,146,139,143,149,156,166,178,165,181,189,185,178,175,173,180,183,189,195,201,207,214,222,221,229,230,231,223,225,233,234,227,229,236,238,231,233,241,256,262,260,258,256,255,254,253,269,270,271,272,280,279,278,277,277,277,277,281,273,269,269,269,260,253,245,253,253,229,221,221,229,229,221,221,221,222,214,205,197,189,181,173,173,173,174,175,195,202,210,218,226,233,243,246,255,275
287,283,266,254,258,248,242,235,232,227,220,212,205,197,202,189,174,166,159,151,144,162,176,183,169,155,148,141,130,116,120,125,112,100,89,95,94,87,80,74,68,63,58,46,52,58,65,72,79,87,84,76,69,61,54,47,40,34,40,54,51,42,34,26,24,16,12,22,20,8,0,8,16,24,32,33,40,48,47,54,47,40,34,29,26,33,36,42,50,59,65,72,69,66,65,73,74,76,86,94,87,80,74,68,74,80,76,63,56,58,54,48,44,51,49,41,48,49,97,98,99,102,104,108,112,122,129,137,133,141,148,156,164,168,167,166,165,165,165,173,173,174,175,176,168,167,166,165,157,141,117,117,118,122,120,117,96,97,98,99,104,108,112,116,120,116,108,103,89,91,97,97,87,90,102,118,117,125,135,128,120,122,125,128,131,142,135,138,145,151,162,174,162,178,185,183,175,173,170,178,180,187,193,199,206,213,221,221,229,229,230,222,223,231,233,225,227,234,236,229,231,238,254,260,258,256,255,254,253,253,269,269,270,271,279,278,277,277,277,277,277,281,273,269,269,269,261,253,245,253,253,229,221,221,229,229,221,221,222,223,216,206,198,189,181,173,173,174,175,176,197,204,212,220,228,235,244,247,256,276
289,285,268,256,260,250,245,237,235,230,223,215,208,201,205,192,177,169,162,154,147,166,180,187,173,159,153,146,135,120,125,131,118,105,95,101,101,94,87,80,74,68,63,52,58,65,72,79,87,94,92,84,76,69,61,54,47,40,46,58,54,44,37,29,26,18,18,30,28,16,8,0,8,16,24,26,32,40,40,47,40,34,29,26,24,33,33,37,44,53,59,65,61,59,57,65,66,69,79,87,80,74,68,63,69,76,72,58,50,54,51,44,41,49,48,41,49,51,98,99,102,104,108,112,116,126,133,140,137,144,151,159,166,170,168,167,166,165,165,173,173,173,174,175,167,166,165,165,156,141,117,117,120,125,122,118,97,96,97,98,102,104,108,112,116,111,102,97,83,86,92,92,83,87,99,117,117,124,133,126,118,120,122,125,128,138,131,134,140,147,158,170,159,175,183,180,173,170,168,176,178,185,191,198,205,213,221,221,229,229,229,221,222,230,231,223,225,233,234,227,229,236,252,258,256,255,254,253,253,253,269,269,269,270,278,277,277,277,277,277,277,282,274,269,269,269,261,254,245,253,253,229,221,221,229,229,221,222,223,225,217,208,198,190,181,173,174,175,176,178,199,207,214,222,230,237,246,248,257,277
291,286,269,258,262,253,248,241,237,233,226,219,212,204,208,194,180,172,165,158,151,170,184,191,177,164,157,151,140,125,131,136,124,111,101,108,108,101,94,87,80,74,68,58,65,72,79,87,94,102,99,92,84,76,69,61,54,47,52,63,58,48,42,34,29,23,26,37,36,24,16,8,0,8,16,18,24,32,33,40,34,29,26,24,26,34,32,34,39,47,53,59,54,51,49,57,59,61,72,80,74,68,63,58,65,72,69,54,46,51,49,42,40,48,49,42,51,54,99,102,104,108,112,116,120,130,137,144,140,147,154,162,169,173,170,168,167,166,165,173,173,173,173,174,166,165,165,165,157,141,117,118,122,128,125,120,98,97,96,97,99,102,104,108,112,106,97,91,77,80,87,87,79,84,98,117,117,125,133,125,117,118,120,122,125,135,128,129,136,144,154,167,156,173,180,178,170,168,167,175,176,183,190,197,205,212,221,221,229,229,229,221,221,229,230,222,223,231,233,225,227,234,250,256,255,254,253,253,253,253,269,269,269,269,277,277,277,277,277,277,278,283,275,270,269,269,262,255,246,253,253,229,221,221,229,230,222,223,225,227,219,209,200,191,182,174,175,176,178,180,202,209,217,224,232,240,248,250,259,279
293,288,271,260,265,256,251,244,241,237,229,222,215,208,212,197,183,176,169,162,155,175,188,195,181,169,162,156,145,131,136,142,130,117,108,115,115,108,101,94,87,80,74,65,72,79,87,94,102,109,107,99,92,84,76,69,61,54,58,68,63,53,47,40,34,29,33,45,44,32,24,16,8,0,8,12,16,24,26,34,29,26,24,26,29,37,33,33,35,43,47,53,47,44,41,49,51,54,65,74,68,63,58,54,61,69,66,51,43,49,48,41,41,49,51,44,54,58,102,104,108,112,116,120,125,135,141,148,144,151,158,165,172,175,173,170,168,167,166,174,173,173,173,173,165,165,165,165,157,142,118,120,125,131,128,122,99,98,97,96,98,99,102,104,108,101,92,86,72,76,83,83,76,82,97,117,117,126,132,125,117,117,118,120,122,132,125,126,133,140,151,164,154,170,178,176,168,167,166,174,175,182,189,197,204,213,221,221,229,229,229,221,221,229,229,221,222,230,231,223,225,233,248,255,254,253,253,253,253,253,269,269,269,269,277,277,277,277,277,278,279,284,276,271,270,269,262,256,247,254,253,229,221,222,230,231,223,225,227,229,221,211,201,192,183,175,176,178,180,183,205,212,220,227,235,242,250,252,260,281
295,290,273,262,268,259,255,247,244,240,233,226,219,212,215,201,187,180,173,166,159,180,193,199,186,174,168,162,150,136,142,148,136,124,115,122,122,115,108,101,94,87,80,72,79,87,94,102,109,117,115,107,99,92,84,76,69,61,65,74,68,58,53,47,40,36,41,53,52,40,32,24,16,8,0,8,8,16,20,29,26,24,26,29,34,42,36,33,33,39,43,47,40,36,33,41,44,47,59,68,63,58,54,51,59,66,65,49,41,48,49,41,44,51,54,48,58,63,104,108,112,116,120,125,131,140,146,153,148,155,162,169,176,178,175,173,170,168,167,175,174,173,173,173,165,165,165,166,158,143,120,122,128,135,131,125,102,99,98,97,97,98,99,102,104,97,87,80,67,72,79,79,74,81,96,117,118,127,133,125,117,117,117,118,120,130,122,122,130,137,148,162,152,168,176,175,167,166,165,173,174,181,189,196,205,213,221,221,229,229,229,221,221,229,229,221,221,229,230,222,223,231,247,254,253,253,253,253,253,253,269,269,269,269,277,277,277,277,278,279,280,285,277,272,271,270,264,258,248,255,254,230,222,223,231,233,225,227,229,231,223,213,203,194,184,176,178,180,183,185,208,215,223,230,237,245,253,254,263,283
288,282,266,255,260,251,247,240,237,233,226,219,212,206,208,194,180,173,166,159,153,174,186,193,180,168,162,156,145,131,137,143,131,119,111,119,119,112,104,97,90,83,76,69,76,84,92,99,107,115,114,106,98,90,82,74,66,59,61,69,63,53,49,44,36,33,40,52,53,41,33,26,18,12,8,0,12,18,15,23,18,16,18,23,29,36,29,25,25,32,36,42,36,33,32,40,41,44,54,63,57,52,47,44,51,59,57,41,33,40,41,33,36,44,47,42,52,57,97,101,105,109,114,119,125,134,140,146,141,148,155,162,169,171,168,165,163,161,159,167,166,165,165,165,157,157,157,158,150,135,112,114,120,128,124,117,94,92,90,89,89,90,92,94,97,90,80,74,60,65,72,72,66,73,88,109,110,119,125,117,109,109,109,110,112,122,114,115,122,130,141,154,144,161,168,167,159,158,157,165,166,173,181,188,197,205,213,213,221,221,221,213,213,221,221,213,213,221,222,214,216,223,239,246,245,245,245,245,245,245,261,261,261,261,269,269,269,269,270,271,272,277,270,264,263,262,256,250,241,247,246,222,214,216,223,225,217,219,221,223,216,205,196,186,176,168,170,173,175,178,201,208,215,223,230,237,245,246,255,275
298,292,276,265,271,262,258,251,247,244,237,230,224,217,219,204,191,184,177,170,164,185,197,204,191,179,173,167,156,142,148,154,143,130,122,129,130,122,115,108,101,94,87,79,87,94,102,109,117,125,123,115,107,99,92,84,76,69,72,80,74,65,60,54,47,44,49,61,60,48,40,32,24,16,8,12,0,8,17,26,24,26,29,34,40,47,40,35,33,37,39,43,34,29,26,33,36,40,53,63,58,54,51,49,57,65,64,48,41,49,51,43,47,54,58,53,63,68,108,112,116,120,125,131,136,145,151,157,153,159,166,173,180,181,178,175,173,170,168,176,175,174,173,173,165,165,166,167,160,145,122,125,131,139,135,128,104,102,99,98,96,97,98,99,102,94,83,76,63,69,76,76,73,80,97,118,120,129,133,125,117,117,117,117,118,128,120,119,127,135,146,160,150,167,175,174,166,165,165,173,173,181,188,197,205,214,221,222,230,229,229,221,221,229,229,221,221,229,229,221,222,230,246,253,253,253,253,253,253,254,270,269,269,269,277,277,277,278,279,280,281,287,279,273,272,271,265,260,250,256,255,231,223,225,233,234,227,229,231,233,226,216,205,196,186,178,180,183,185,189,212,219,226,233,241,248,256,256,265,285
301,294,278,268,274,265,262,255,251,248,241,235,228,221,224,208,195,188,181,175,169,190,202,209,196,184,179,173,162,148,154,160,149,137,129,137,137,130,122,115,108,101,94,87,94,102,109,117,125,132,131,123,115,107,99,92,84,76,79,87,80,71,67,61,54,51,57,69,68,56,48,40,32,24,16,18,8,0,17,24,26,29,34,40,47,53,46,39,34,37,37,39,29,23,18,26,29,34,47,58,54,51,49,48,56,64,65,49,42,51,54,46,52,58,63,58,68,74,112,116,120,125,131,136,142,150,156,162,157,164,170,177,184,185,181,178,175,173,170,178,176,175,174,173,165,166,167,168,162,147,125,128,135,144,139,131,108,104,102,99,97,96,97,98,99,90,79,72,60,66,74,74,72,81,98,120,122,131,135,126,118,117,117,117,117,126,118,117,125,132,144,158,149,166,174,173,165,165,165,173,173,180,189,197,206,215,222,223,231,230,229,221,221,229,229,221,221,229,229,221,221,229,245,253,253,253,253,253,254,255,271,270,269,269,277,277,278,279,280,281,283,289,281,275,273,272,266,262,252,258,256,233,225,227,234,236,229,231,233,236,229,218,208,198,188,180,183,185,189,192,215,222,229,237,244,251,259,259,267,288
284,278,262,252,258,249,246,239,235,232,226,219,213,206,208,193,179,173,166,160,154,176,188,194,182,170,165,160,149,135,141,148,137,126,119,127,129,121,113,105,98,90,83,78,86,94,102,110,118,126,125,117,109,101,93,85,77,69,70,76,68,60,57,53,45,44,53,65,66,55,47,40,33,26,20,15,17,17,0,9,9,15,22,30,37,42,33,25,18,21,23,27,22,20,22,30,28,30,40,49,43,38,35,33,41,49,49,33,25,35,38,30,37,43,49,45,55,62,96,100,105,111,116,122,129,136,142,148,142,149,155,161,168,169,165,162,159,156,154,162,160,158,157,157,149,149,150,152,145,131,108,111,119,129,124,115,92,88,85,83,81,81,81,83,85,77,67,60,47,52,60,60,57,65,81,103,105,114,118,110,102,101,100,101,102,111,103,103,111,118,130,143,134,150,158,157,149,149,148,156,157,165,173,181,190,198,206,207,215,214,213,205,205,213,212,204,205,213,213,205,206,214,230,237,237,236,237,237,238,239,255,254,253,253,261,261,262,262,264,265,266,272,264,259,257,256,250,245,235,241,240,216,208,210,218,220,212,214,217,220,212,202,192,181,171,164,166,169,172,176,199,206,213,221,228,235,242,242,251,271
278,271,256,246,253,244,241,235,230,228,221,215,209,202,204,188,175,169,162,156,150,173,184,190,179,168,163,158,147,134,140,147,137,126,121,129,131,123,115,107,99,92,84,81,89,97,105,113,121,129,128,120,112,104,96,88,80,72,73,76,69,61,59,56,48,49,59,70,73,61,54,47,40,34,29,23,26,24,9,0,8,16,24,32,40,43,33,24,13,13,14,19,16,18,23,29,26,24,33,40,34,29,26,24,32,40,41,26,19,29,34,28,36,40,47,45,54,61,92,97,102,108,114,120,127,134,139,145,139,145,151,157,164,164,160,156,153,150,147,155,153,151,150,149,141,142,143,145,138,125,102,106,115,125,120,110,87,83,79,76,73,72,73,74,76,68,58,52,38,44,51,51,48,57,74,97,99,108,111,102,95,93,93,93,93,102,95,94,102,109,121,134,126,142,150,149,141,141,141,149,149,156,165,173,182,191,198,200,208,206,205,198,197,205,205,197,197,205,205,197,198,205,221,229,229,229,229,229,230,231,247,246,245,245,253,253,254,255,256,258,260,265,258,252,250,248,243,238,229,234,233,209,201,203,211,213,205,208,211,214,206,196,185,175,165,157,160,163,167,171,195,201,208,215,222,229,237,236,245,265
275,269,253,243,249,240,237,230,226,224,217,210,204,197,199,184,170,164,157,151,145,167,179,185,173,162,157,152,140,127,134,140,130,119,113,121,123,115,107,99,92,84,76,73,81,89,97,105,113,121,120,112,104,96,88,80,72,64,65,69,61,53,51,48,40,41,51,63,65,54,47,40,34,29,26,18,24,26,9,8,0,8,16,24,32,35,26,17,9,14,19,26,24,26,29,36,33,32,40,47,40,34,29,26,33,41,40,24,17,26,29,22,29,34,40,38,47,54,87,92,97,102,108,114,120,128,133,139,134,140,146,153,159,160,156,153,150,147,145,153,151,150,149,149,141,141,142,143,136,122,99,102,110,120,115,106,83,79,76,74,72,73,74,76,79,73,63,57,43,47,54,54,49,56,73,95,97,105,110,101,93,93,93,93,95,104,97,97,104,112,123,137,127,143,151,150,142,141,141,149,149,157,164,173,181,190,198,198,206,205,205,197,197,205,205,197,197,205,205,198,198,206,222,229,229,229,229,229,229,230,246,245,245,245,253,253,253,254,255,256,258,263,256,250,248,247,241,236,227,233,231,208,200,201,209,211,203,205,208,211,203,193,183,173,163,155,157,160,163,167,191,197,204,212,219,226,233,233,242,262
273,266,250,240,246,237,233,226,222,219,212,206,199,193,195,180,166,159,153,146,140,162,174,180,168,156,151,145,134,120,127,134,123,111,105,113,115,107,99,92,84,76,69,65,73,81,89,97,105,113,112,104,96,88,80,72,64,56,57,61,54,45,43,40,32,33,44,55,58,47,40,34,29,26,24,16,26,29,15,16,8,0,8,16,24,28,18,10,10,19,26,33,32,33,36,44,41,40,48,54,47,40,34,29,36,44,41,26,18,24,26,18,23,29,34,31,40,47,83,87,92,97,102,108,114,122,128,134,129,135,141,148,155,156,153,150,147,145,143,151,150,149,149,149,141,141,141,142,135,120,97,99,106,115,110,102,79,76,74,73,73,74,76,79,83,77,68,63,49,52,58,58,51,57,72,93,95,103,109,101,93,93,93,95,97,107,99,101,108,115,126,139,129,145,153,151,143,142,141,149,150,157,165,172,181,189,197,198,205,205,205,197,197,205,205,197,198,205,206,198,200,208,223,230,229,229,229,229,229,229,245,245,245,245,253,253,253,253,254,255,256,262,254,248,247,246,240,234,225,231,230,206,198,200,208,209,201,203,205,208,200,190,180,170,161,153,155,157,160,163,187,194,201,208,215,223,230,231,240,260
270,264,248,237,243,233,229,222,219,215,208,201,195,188,191,176,162,155,148,141,135,156,169,175,162,150,145,139,128,114,120,127,116,104,98,105,107,99,92,84,76,69,61,57,65,73,81,89,97,105,104,96,88,80,72,64,56,48,49,54,47,38,35,32,24,26,36,47,51,40,34,29,26,24,26,18,29,34,22,24,16,8,0,8,16,20,12,9,17,26,33,40,40,41,44,51,49,48,56,61,54,47,40,34,40,47,44,29,22,26,24,17,18,26,29,25,34,40,79,83,87,92,97,102,108,116,122,129,124,130,137,144,151,153,150,147,145,143,142,150,149,149,149,149,141,141,141,141,133,118,95,97,102,110,106,99,76,74,73,72,74,76,79,83,87,83,74,69,55,57,63,63,54,59,73,93,93,102,108,101,93,93,95,97,99,110,102,105,112,119,129,142,131,147,155,153,145,143,142,150,151,158,165,173,180,189,197,197,205,205,205,197,197,205,205,198,198,206,208,200,201,209,225,231,230,229,229,229,229,229,245,245,245,245,253,253,253,253,253,254,255,260,252,247,246,245,239,233,223,230,229,205,198,198,206,208,200,201,203,205,198,188,178,168,159,151,153,155,157,160,183,190,197,205,212,220,228,229,237,258
268,263,246,235,240,230,226,219,215,212,204,197,191,184,187,172,158,151,144,137,130,151,164,170,157,145,139,133,122,108,114,120,109,97,90,98,99,92,84,76,69,61,54,49,57,65,73,81,89,97,96,88,80,72,64,56,48,40,41,47,40,31,28,24,16,18,29,40,44,34,29,26,24,26,29,23,34,40,30,32,24,16,8,0,8,13,8,13,24,33,40,48,48,49,51,59,57,56,64,69,61,54,47,40,46,52,47,34,28,29,26,19,16,24,26,19,29,34,76,79,83,87,92,97,102,111,117,124,119,126,133,140,147,150,147,145,143,142,141,149,149,149,149,150,142,141,141,141,133,117,93,95,99,106,102,97,74,73,72,73,76,79,83,87,92,88,80,76,62,63,68,68,58,61,74,93,93,101,109,101,93,95,97,99,102,113,106,109,116,123,133,145,133,150,157,155,147,145,143,151,153,160,166,173,181,188,197,197,205,205,205,197,198,205,206,198,200,208,209,201,203,211,227,233,231,230,229,229,229,229,245,245,245,245,253,253,253,253,253,253,254,259,251,246,245,245,238,231,222,229,229,205,197,198,205,206,198,200,201,203,196,186,176,167,158,150,151,153,155,157,180,187,194,202,209,217,225,227,235,256
265,261,244,232,237,228,223,215,212,208,201,194,187,180,183,169,154,147,140,133,126,146,159,166,153,140,134,128,116,102,108,114,103,90,83,90,92,84,76,69,61,54,47,41,49,57,65,73,81,89,88,80,72,64,56,48,40,32,33,40,34,25,20,16,8,12,23,33,37,29,26,24,26,29,34,29,40,47,37,40,32,24,16,8,0,9,12,20,32,40,48,56,56,57,59,66,65,64,72,76,69,61,54,47,52,57,52,40,34,34,29,25,18,26,24,17,26,29,74,76,79,83,87,92,97,106,113,119,115,122,129,137,144,147,145,143,142,141,141,149,149,149,150,151,143,142,141,141,132,117,93,93,97,102,99,95,73,72,73,74,79,83,87,92,97,94,87,83,68,69,74,74,63,65,76,93,93,100,110,102,95,97,99,102,106,117,110,114,120,127,137,149,137,153,160,157,150,147,145,153,155,162,168,174,181,189,197,197,205,205,205,198,198,206,208,200,201,209,211,203,205,213,229,234,233,231,230,229,229,229,245,245,245,246,254,253,253,253,253,253,253,258,250,245,245,245,237,230,221,229,229,205,197,197,205,205,198,198,200,201,194,184,175,166,157,149,150,151,153,155,177,184,192,199,207,214,223,225,233,254
257,253,236,224,229,219,215,207,204,200,193,186,179,172,175,161,146,139,132,125,118,139,151,158,145,132,126,121,109,95,101,108,97,85,78,86,88,80,72,65,57,49,42,38,46,54,62,70,78,86,87,79,71,63,55,47,39,32,30,34,28,18,16,17,10,18,28,36,42,35,33,33,34,37,42,36,47,53,42,43,35,28,20,13,9,0,10,20,32,41,49,57,59,61,63,71,68,67,73,76,68,61,53,45,49,53,47,38,33,31,25,22,13,19,17,8,18,22,66,68,71,75,79,84,90,99,105,111,107,114,121,128,136,139,137,135,134,133,133,141,141,141,142,144,136,134,133,133,125,109,85,85,88,94,91,86,65,65,65,67,73,77,82,87,92,91,85,81,67,67,71,71,58,59,70,86,85,93,102,95,87,90,93,96,100,111,105,109,115,122,131,143,130,146,154,151,143,140,138,146,148,154,160,167,173,181,189,189,197,197,198,190,191,199,200,192,194,202,204,196,198,206,221,227,225,224,223,222,221,221,237,237,238,238,246,245,245,245,245,245,245,250,242,237,237,237,229,222,213,221,221,197,189,189,197,197,189,190,192,193,185,176,167,158,149,141,142,143,145,147,168,176,183,191,198,206,215,217,225,246
260,255,238,227,232,223,219,212,208,204,197,191,184,177,180,165,151,144,137,130,124,145,157,164,151,139,133,128,117,103,109,116,105,94,88,96,98,90,82,74,66,59,51,48,56,64,72,80,88,96,97,89,81,73,65,57,49,41,40,44,36,28,26,26,18,23,34,44,49,40,36,33,32,33,36,29,40,46,33,33,26,18,12,8,12,10,0,10,22,31,39,47,49,51,54,61,59,57,63,66,59,51,44,36,40,46,40,29,24,23,18,13,8,16,18,13,23,29,69,72,76,80,86,91,97,105,111,117,113,119,126,133,140,142,140,137,135,134,133,141,141,141,141,142,134,133,133,133,125,109,85,87,92,99,95,89,66,65,64,65,69,72,76,80,86,83,76,72,58,58,63,63,52,54,66,85,85,93,101,93,85,87,89,92,95,106,99,103,109,116,126,138,126,142,150,147,140,137,135,143,145,152,158,165,173,180,189,189,197,197,197,189,190,198,198,191,192,200,201,194,196,203,219,225,223,222,221,221,221,221,237,237,237,237,245,245,245,245,245,245,246,251,243,238,237,237,230,223,214,221,221,197,189,190,198,198,191,192,194,196,188,178,168,159,150,142,143,145,147,150,172,180,187,194,202,209,217,219,228,248
263,257,241,230,236,227,223,216,213,209,203,196,189,183,185,170,156,149,143,136,130,152,164,170,158,146,141,136,125,111,118,124,114,103,98,105,108,100,92,84,76,68,61,58,66,74,82,90,98,106,107,99,91,83,75,67,59,51,50,53,45,37,36,35,28,31,42,52,57,47,42,37,34,33,33,25,35,39,25,24,17,10,9,13,20,20,10,0,12,21,29,37,39,42,45,52,49,47,53,57,49,42,34,28,33,39,35,22,15,18,17,8,13,19,25,22,31,38,73,77,82,87,92,98,105,112,118,124,119,125,131,138,145,146,143,140,138,136,134,142,141,141,141,141,133,133,133,133,126,111,87,90,96,105,100,93,70,67,65,65,66,68,71,75,79,75,68,63,49,50,56,56,46,50,65,85,86,94,101,93,85,85,86,88,91,102,94,97,104,111,121,134,123,139,147,145,137,135,134,142,143,150,157,165,173,181,189,189,197,197,197,189,189,197,197,189,190,198,199,192,193,201,217,223,222,221,221,221,221,221,237,237,237,237,245,245,245,245,245,246,247,253,245,240,238,238,231,225,216,223,222,198,190,191,199,200,192,194,196,198,191,181,171,161,152,144,146,148,151,154,177,184,191,198,206,213,221,221,230,250
267,260,245,234,241,232,229,222,218,216,209,203,196,190,191,176,163,156,150,144,138,160,172,178,166,155,150,145,134,121,128,135,125,114,109,117,120,112,104,96,88,80,72,70,78,86,94,102,110,118,119,111,103,95,87,79,71,63,62,65,57,49,48,47,39,42,52,63,67,57,50,44,39,35,33,25,33,34,18,13,9,10,17,24,32,32,22,12,0,9,17,25,28,31,36,42,38,35,41,45,38,31,25,19,26,34,33,17,8,18,22,15,24,28,34,33,42,49,79,84,90,95,101,108,114,121,127,132,126,132,139,145,151,152,148,145,142,139,137,145,143,142,141,141,133,133,134,135,128,114,91,94,103,112,107,98,75,71,68,66,65,65,67,70,73,67,58,53,39,42,48,48,42,49,65,86,88,97,101,93,85,85,85,86,87,97,90,91,98,105,116,130,119,136,144,142,134,133,133,141,141,149,157,165,173,182,189,190,198,197,197,189,189,197,197,189,189,197,198,190,191,199,215,222,221,221,221,221,221,222,238,237,237,237,245,245,245,246,247,248,250,255,247,242,240,239,233,228,218,224,223,199,192,193,201,203,195,197,200,203,195,185,174,164,154,147,149,152,155,159,183,190,197,204,211,218,225,225,234,254
267,259,244,234,241,232,230,224,219,217,210,204,198,192,193,177,164,158,152,146,141,164,174,180,169,159,154,150,139,126,133,140,131,120,116,124,127,119,111,103,95,87,79,79,87,95,103,111,119,127,127,119,111,103,95,87,79,72,71,72,64,57,57,56,48,51,61,72,76,65,59,53,47,43,39,32,37,37,21,13,14,19,26,33,40,41,31,21,9,0,8,16,22,27,34,39,33,29,32,37,29,22,16,13,21,29,29,14,9,19,26,21,31,33,40,41,48,56,81,87,93,99,105,112,119,125,130,135,129,135,141,147,153,153,148,145,141,138,135,143,141,139,138,137,129,130,131,133,126,113,91,95,104,115,109,99,76,72,68,64,61,61,61,63,66,59,50,45,30,34,41,41,37,45,62,85,87,96,99,90,82,81,81,81,82,91,83,84,91,99,110,123,114,130,138,137,129,129,129,137,137,145,153,161,170,179,186,188,195,194,193,185,185,193,193,185,185,193,193,185,186,194,210,217,217,217,217,217,218,219,235,234,233,233,241,241,242,243,244,246,247,253,246,240,238,236,231,226,216,222,221,197,189,191,199,201,193,196,199,202,195,184,174,163,153,145,148,152,155,159,184,190,197,204,211,218,225,224,233,253
270,262,247,238,245,236,235,228,224,222,215,209,203,197,198,182,169,163,157,152,146,170,180,186,175,165,161,157,146,133,140,147,138,128,124,132,135,127,119,111,103,95,87,87,95,103,111,119,127,135,135,127,119,111,103,95,87,79,79,79,72,65,65,64,56,58,69,80,83,72,65,59,53,47,43,36,39,37,23,14,19,26,33,40,48,49,39,29,17,8,0,8,16,23,30,34,27,22,24,29,22,16,13,14,21,29,32,19,17,26,33,29,39,40,48,49,56,64,87,93,99,105,112,119,126,132,137,141,135,141,146,152,158,157,153,148,145,141,138,145,143,141,139,138,130,131,133,135,129,116,95,99,109,121,115,104,81,76,72,68,62,61,61,61,63,55,45,39,25,30,38,38,37,47,64,87,91,100,101,92,85,82,81,81,81,90,82,81,88,96,108,121,113,129,137,137,129,129,129,137,137,145,153,162,171,181,188,189,197,195,194,186,185,193,193,185,185,193,193,185,185,193,209,217,217,217,217,218,219,221,236,235,234,233,241,242,243,244,246,247,249,255,248,242,240,238,233,229,219,224,222,199,191,193,201,204,196,199,202,205,198,187,177,166,156,148,152,155,159,164,188,195,201,208,215,222,229,227,236,256
273,265,250,241,249,241,239,233,228,227,220,214,209,203,203,187,175,169,163,158,153,177,186,192,181,172,168,163,153,140,147,155,146,135,132,140,143,135,127,119,111,103,95,95,103,111,119,127,135,143,143,135,127,119,111,103,95,87,87,87,79,73,73,72,64,66,76,87,90,79,72,65,59,53,47,42,43,39,27,19,26,33,40,48,56,57,47,37,25,16,8,0,13,21,29,30,23,16,16,22,16,13,14,19,25,32,36,26,25,33,40,37,47,48,56,57,64,72,93,99,105,112,119,126,133,139,143,148,141,146,152,157,163,162,157,153,148,145,141,148,145,143,141,139,131,133,135,138,132,120,99,104,115,127,121,109,87,81,76,72,64,62,61,61,61,52,41,34,21,29,37,37,39,50,68,91,95,104,104,95,87,85,82,81,81,89,81,79,86,94,106,120,113,129,137,137,129,129,130,138,137,145,154,163,173,182,189,191,199,197,195,188,186,194,193,185,185,193,193,185,185,193,209,217,217,217,218,219,221,222,238,236,235,234,242,243,244,246,247,249,252,258,250,244,242,240,235,232,221,226,224,201,193,196,204,206,199,202,205,209,202,191,180,170,159,152,155,159,164,168,193,199,206,212,219,226,232,230,239,259
285,277,262,253,260,252,250,244,239,237,231,225,219,213,214,197,185,179,173,167,162,185,196,201,191,180,176,171,160,147,154,161,152,141,136,144,146,139,131,123,115,107,99,97,105,113,121,129,137,145,144,136,128,120,112,104,96,88,89,92,84,76,75,72,64,65,74,86,88,76,69,61,54,47,40,36,34,29,22,16,24,32,40,48,56,59,49,39,28,22,16,13,0,8,16,18,12,8,19,29,26,24,26,29,36,44,47,34,31,40,47,42,51,54,61,61,69,76,102,108,114,120,127,134,140,147,152,157,151,156,162,168,174,173,168,164,160,156,153,160,157,155,153,151,143,145,147,150,144,131,110,115,125,136,131,120,97,92,87,83,76,74,73,72,73,63,51,44,33,40,48,48,51,61,79,102,106,115,116,107,99,97,95,93,93,101,93,90,98,106,118,131,124,141,149,149,141,141,142,150,149,157,166,175,185,195,201,203,211,209,208,200,198,206,205,198,197,205,205,197,197,205,221,229,229,229,230,231,233,234,250,248,247,246,254,255,256,258,260,262,264,270,262,256,254,252,247,243,233,238,236,213,205,208,216,218,211,214,217,221,213,203,192,181,171,163,167,171,175,179,204,210,217,224,230,237,244,242,251,271
292,284,269,260,267,259,257,250,246,244,237,231,225,219,220,204,191,185,179,173,167,191,201,207,196,185,180,176,165,151,158,165,155,144,138,146,148,140,132,125,117,109,102,98,106,114,122,129,137,145,145,137,129,121,113,105,97,89,90,94,87,78,76,73,65,64,73,85,86,74,66,59,51,44,36,33,29,23,20,18,26,33,41,49,57,61,51,42,31,27,23,21,8,0,8,12,8,12,25,36,33,32,33,36,44,51,54,40,36,46,52,45,54,58,65,63,72,79,108,114,119,125,132,138,145,152,157,162,156,162,168,174,180,179,175,171,167,163,160,168,165,163,161,159,151,153,155,157,151,138,117,121,131,142,136,126,103,98,94,90,84,82,81,80,81,70,59,51,41,48,56,56,59,69,87,110,113,122,123,114,107,104,102,101,101,109,101,98,106,114,126,139,132,149,157,157,149,149,150,158,157,165,174,183,193,202,209,211,219,217,216,208,206,214,213,205,205,213,213,205,205,213,229,237,237,237,238,239,241,242,258,256,255,254,262,263,264,266,267,269,271,278,270,264,262,260,255,251,241,246,244,221,213,216,223,226,218,221,224,228,221,210,199,189,178,171,174,178,182,186,210,217,224,230,237,244,251,249,258,278
299,292,277,267,274,266,263,257,252,250,244,237,231,225,226,210,197,191,185,179,173,196,207,213,201,191,185,180,169,156,162,169,159,147,141,148,150,142,135,127,119,112,104,99,107,115,123,131,139,146,145,137,129,122,114,106,98,90,92,97,90,81,78,74,66,65,72,84,85,73,65,57,49,41,33,32,26,18,22,23,29,36,44,51,59,63,54,45,36,34,30,29,16,8,0,8,12,18,32,44,41,40,41,44,51,59,61,47,42,52,57,50,58,63,69,67,76,83,114,119,125,131,137,143,149,157,162,167,162,168,174,180,186,186,182,178,174,171,168,175,173,170,168,167,159,161,163,165,159,145,124,128,137,148,142,133,109,105,101,97,92,90,89,88,89,78,66,59,49,56,64,64,66,76,94,117,120,129,131,122,114,112,110,109,109,117,109,106,114,122,133,147,140,157,165,165,157,157,158,166,165,173,182,191,201,210,217,219,227,225,223,216,214,222,221,213,213,221,221,213,213,221,237,245,245,245,246,247,248,250,266,264,263,262,270,271,272,273,275,277,279,285,278,271,269,267,263,259,248,254,252,229,221,223,231,233,226,229,232,235,228,217,206,196,185,178,181,185,189,193,217,224,230,237,244,251,258,257,266,286
303,295,280,271,278,270,268,261,257,255,249,242,236,230,231,215,202,196,190,184,179,202,213,218,207,197,192,187,176,162,169,176,166,154,148,156,158,150,142,135,127,119,112,107,115,123,131,139,146,154,153,145,137,129,122,114,106,98,99,104,97,89,86,82,74,73,80,92,93,81,73,65,57,49,41,40,33,26,30,29,36,44,51,59,66,71,61,52,42,39,34,30,18,12,8,0,8,16,29,41,40,41,44,47,54,61,65,52,47,57,63,57,65,69,76,74,83,90,119,125,131,137,143,149,156,163,168,173,167,173,179,185,191,190,186,182,178,174,171,178,175,173,170,168,161,163,165,168,162,149,128,133,142,153,148,137,114,109,105,101,94,92,90,89,88,77,65,57,49,57,65,65,69,79,97,120,124,133,133,125,117,114,112,110,109,117,109,105,113,121,133,147,141,157,165,165,157,158,159,167,166,174,183,193,202,212,219,221,229,227,225,217,216,223,222,214,213,221,221,213,213,221,237,245,245,246,247,248,250,252,267,266,264,263,271,272,273,275,277,279,281,288,280,274,271,269,265,261,251,256,254,231,223,226,233,236,229,232,235,238,231,221,210,199,189,181,185,189,193,197,221,228,235,241,248,255,262,260,269,289
296,287,272,264,271,263,261,255,250,249,242,236,230,224,225,209,196,190,184,179,173,197,207,213,202,192,187,182,171,158,165,172,163,151,146,154,156,148,140,132,125,117,109,106,114,122,129,137,145,153,153,145,137,129,121,113,105,97,98,102,94,86,84,81,73,72,81,93,94,82,74,66,59,51,44,41,36,29,28,26,33,41,49,57,65,68,59,49,38,33,27,23,12,8,12,8,0,8,21,33,32,33,36,40,47,54,58,46,42,52,58,52,61,65,72,71,79,87,114,119,125,132,138,145,151,158,163,168,162,167,173,179,185,184,179,175,171,167,163,171,168,165,163,161,153,155,157,160,154,142,121,126,136,148,142,131,108,103,98,94,87,84,82,81,80,69,57,49,41,49,57,57,61,72,90,113,117,126,126,117,110,107,104,102,101,109,101,97,105,113,125,139,133,149,157,157,149,150,151,159,158,166,175,185,195,204,211,213,221,219,217,209,208,216,214,206,205,213,213,205,205,213,229,237,237,238,239,241,242,244,260,258,256,255,263,264,266,267,269,271,274,280,273,266,264,262,257,254,243,248,246,223,216,218,226,229,221,224,228,231,224,213,203,192,181,174,178,182,186,190,215,221,228,235,241,248,255,253,262,282
289,280,265,257,265,256,255,249,244,242,236,230,224,218,219,202,190,184,179,173,168,192,202,207,197,187,182,178,167,154,161,169,159,148,144,152,154,146,139,131,123,115,107,105,113,121,129,137,145,153,152,144,136,128,120,112,104,96,97,99,92,84,83,80,72,73,82,94,96,84,76,69,61,54,47,44,40,34,30,24,32,40,48,56,64,67,57,47,35,29,22,16,8,12,18,16,8,0,14,26,24,26,29,34,40,47,52,40,38,47,54,49,59,61,69,68,76,84,108,114,120,127,134,140,147,154,158,163,157,162,167,173,179,177,173,168,164,160,156,163,160,157,155,153,145,147,150,153,147,135,115,120,131,142,136,125,102,97,92,87,79,76,74,73,72,61,49,41,33,41,49,49,54,65,83,106,110,119,119,110,102,99,97,95,93,101,93,89,97,105,117,131,125,141,149,149,141,142,143,151,150,158,168,177,187,197,203,205,213,211,209,201,200,208,206,198,198,205,205,197,197,205,221,229,229,230,231,233,234,236,252,250,248,247,255,256,258,260,262,264,266,273,265,259,256,254,250,246,236,241,238,216,208,211,218,221,214,217,221,224,217,206,196,185,174,167,171,175,179,184,209,215,221,228,235,241,248,246,255,274
281,272,257,249,258,250,249,243,238,237,231,225,220,214,214,197,186,180,175,170,165,190,199,204,194,185,181,178,167,155,162,170,161,151,148,156,159,151,143,135,127,119,111,111,119,127,135,143,151,159,159,151,143,135,127,119,111,103,103,103,95,89,89,87,79,81,91,102,105,94,86,79,72,65,59,54,53,47,40,33,40,48,56,64,72,73,63,53,41,32,24,16,19,25,32,29,21,14,0,13,14,19,26,33,37,42,48,40,41,48,56,53,63,64,72,73,79,87,105,112,119,126,133,140,147,153,157,161,154,159,164,169,174,172,167,162,157,153,148,155,152,148,145,143,135,138,141,145,139,128,109,115,127,140,133,121,99,93,87,81,72,68,64,62,61,49,37,29,23,32,39,39,47,59,76,99,104,113,111,102,95,91,87,85,82,89,81,77,85,93,105,119,113,129,137,138,130,131,133,141,139,148,157,167,177,187,193,196,204,201,199,191,189,197,195,188,186,194,193,185,185,193,209,217,218,219,221,222,224,226,242,240,238,236,244,246,247,249,252,254,257,263,256,249,247,244,240,238,227,232,229,206,199,202,209,213,205,209,213,217,210,199,188,177,166,159,164,168,173,178,203,209,215,222,228,235,241,238,247,266
271,262,248,240,249,241,241,235,230,230,224,218,213,208,207,190,179,174,169,165,160,185,194,198,189,181,178,174,164,152,160,168,160,150,149,157,160,152,144,136,128,120,112,114,122,129,137,145,153,161,162,154,146,139,131,123,115,107,106,104,96,91,92,92,84,87,97,108,111,101,94,87,80,74,68,63,63,58,49,40,47,54,61,69,76,76,66,57,45,37,29,22,29,36,44,41,33,26,13,0,8,16,24,32,33,36,44,40,43,48,56,55,65,64,72,75,80,88,101,108,115,122,130,137,145,149,153,156,149,154,158,163,168,165,159,154,149,144,139,146,142,138,135,132,125,128,131,135,130,120,102,109,121,135,128,115,94,87,80,74,63,58,54,51,49,36,24,16,15,23,29,29,40,52,68,91,97,105,101,93,86,81,77,74,71,77,70,64,72,80,92,106,102,117,125,126,118,120,122,130,128,136,146,156,166,177,183,185,193,190,188,180,178,186,184,176,175,183,182,174,173,181,197,205,206,208,209,211,213,216,231,229,227,225,233,234,236,238,241,243,246,253,246,239,236,233,230,228,217,221,218,196,189,192,199,203,196,199,204,208,201,190,179,168,157,150,155,160,165,170,196,201,207,214,220,226,232,228,237,257
267,258,244,236,245,237,236,230,225,224,218,213,207,202,201,184,173,168,163,158,154,178,187,192,182,174,170,167,156,145,152,160,152,143,141,149,152,144,136,128,120,112,104,106,114,122,129,137,145,153,154,146,139,131,123,115,107,99,98,96,88,83,84,84,76,79,90,101,104,94,87,80,74,68,63,57,58,54,43,34,40,47,54,61,69,68,59,49,38,29,22,16,26,33,41,40,32,24,14,8,0,8,16,24,26,29,36,32,35,40,48,47,57,56,64,67,72,80,94,101,108,115,122,130,137,142,145,149,143,147,152,157,162,159,154,149,144,139,135,142,138,135,132,130,122,125,128,131,126,115,97,102,115,128,121,109,87,80,74,68,58,54,51,49,48,37,26,18,9,18,26,26,34,46,63,86,91,100,97,88,81,77,74,71,70,77,69,65,73,81,93,107,101,117,125,125,117,118,120,128,126,135,144,154,164,174,180,183,190,188,186,178,176,184,183,175,174,182,181,173,173,181,197,205,205,206,208,209,211,213,229,227,225,223,231,233,234,236,238,241,243,250,243,236,233,231,227,224,214,218,216,193,185,189,196,199,192,196,199,204,197,186,175,164,153,146,150,155,160,165,190,196,202,209,215,221,227,224,233,253
264,255,240,232,240,232,231,225,220,219,213,207,201,196,196,179,167,162,157,152,147,171,180,185,176,167,163,160,149,137,145,152,145,135,133,141,144,136,128,120,112,104,96,98,106,114,122,129,137,145,146,139,131,123,115,107,99,92,90,88,80,75,76,76,69,72,83,94,97,87,80,74,68,63,58,52,54,51,38,29,34,40,47,54,61,61,51,42,31,22,16,13,24,32,40,41,33,26,19,16,8,0,8,16,18,23,29,24,28,32,40,39,49,48,56,59,64,72,87,94,101,108,115,122,130,135,138,143,136,140,145,151,156,154,149,144,139,135,131,138,135,132,130,128,120,122,125,128,122,110,91,97,109,121,115,102,80,74,68,63,54,51,49,48,49,40,29,23,9,16,24,24,29,40,58,81,86,95,94,85,77,74,71,70,69,77,69,66,74,82,94,108,100,117,125,125,117,117,118,126,125,133,143,152,162,171,178,180,188,186,184,176,175,183,182,174,173,181,181,173,173,181,197,205,205,205,206,208,209,211,227,225,223,222,230,231,233,234,236,238,241,247,240,233,231,229,224,221,211,216,213,190,183,185,193,196,189,192,196,199,193,182,171,160,149,142,146,150,155,160,185,191,197,204,210,217,223,221,229,249
260,252,237,228,236,227,226,220,215,214,207,201,196,190,190,174,162,156,151,145,140,165,174,179,169,160,156,153,142,130,137,145,137,127,125,133,136,128,120,112,104,96,88,90,98,106,114,122,129,137,139,131,123,115,107,99,92,84,82,80,72,67,68,69,61,65,76,86,90,80,74,68,63,58,54,47,51,49,35,26,29,34,40,47,54,53,44,34,25,16,13,14,26,33,41,44,36,29,26,24,16,8,0,8,12,18,23,16,20,24,32,32,41,40,48,51,56,64,80,87,94,101,108,115,122,128,132,136,129,134,139,145,150,149,144,139,135,131,128,135,132,130,128,126,118,120,122,125,119,106,86,91,102,115,109,97,74,68,63,58,51,49,48,49,51,44,34,29,15,18,26,26,26,36,54,77,81,90,90,81,74,71,70,69,69,77,70,69,76,84,96,109,101,117,125,125,117,117,117,125,125,133,141,150,160,169,176,178,186,184,183,175,174,182,181,173,173,181,181,173,173,181,197,205,205,205,205,206,208,209,225,223,222,221,229,230,231,233,234,236,238,245,237,231,229,227,222,218,208,213,211,188,180,183,190,193,185,189,192,196,189,178,167,156,145,138,142,146,150,155,180,186,193,199,206,212,219,217,226,246
256,249,233,224,232,223,221,215,210,209,202,196,190,184,185,169,156,150,145,139,134,158,168,173,163,154,149,145,135,122,130,137,129,119,117,125,128,120,112,104,96,88,80,82,90,98,106,114,122,129,131,123,115,107,99,92,84,76,74,72,64,59,61,61,54,58,69,79,84,74,68,63,58,54,51,44,49,48,33,24,26,29,34,40,47,45,36,28,19,13,14,19,29,36,44,47,40,34,33,32,24,16,8,0,8,16,18,8,13,16,24,24,33,32,40,43,48,56,74,80,87,94,101,108,115,121,125,129,123,128,133,139,145,144,139,135,131,128,125,132,130,128,126,125,117,118,120,122,116,102,81,86,97,109,102,91,68,63,58,54,49,48,49,51,54,49,40,36,22,23,29,29,24,33,51,74,77,86,88,79,71,70,69,69,70,79,71,72,79,87,98,111,102,118,126,125,117,117,117,125,125,132,141,149,158,168,175,176,184,183,182,174,173,181,181,173,173,181,181,173,174,182,198,205,205,205,205,205,206,208,223,222,221,221,229,229,230,231,233,234,236,242,235,229,227,225,220,216,205,211,209,186,178,180,188,190,183,185,189,192,185,174,163,153,142,135,138,142,146,150,175,181,188,195,201,208,215,214,223,243
249,241,226,217,225,216,215,209,204,202,196,190,184,179,179,162,150,145,139,134,129,154,163,168,158,149,145,142,131,119,127,135,127,118,116,124,129,121,113,105,97,89,81,84,92,99,107,115,123,131,132,125,117,109,102,94,87,79,76,73,65,61,63,65,58,63,74,84,89,80,74,69,65,61,59,51,57,56,41,32,33,36,40,46,52,49,40,33,26,21,21,25,36,44,51,54,47,40,37,33,26,18,12,8,0,8,12,12,19,18,26,28,36,33,41,45,49,57,69,76,83,90,97,104,112,117,121,125,118,123,128,133,139,137,133,128,124,120,117,125,122,120,118,117,109,110,112,114,108,95,75,80,91,104,97,85,63,57,52,47,41,40,41,44,47,43,36,33,20,18,23,23,16,26,44,67,70,79,80,71,64,62,61,61,62,71,64,65,72,79,90,104,94,110,118,117,109,109,109,117,117,124,133,141,150,160,167,168,176,175,174,166,165,173,173,165,165,173,173,165,166,174,190,197,197,197,197,198,198,200,216,214,213,213,221,221,222,223,225,227,229,235,227,221,219,217,212,208,198,203,201,178,170,173,180,183,175,178,181,185,178,167,156,145,135,128,131,135,139,144,169,175,181,188,195,201,208,206,215,235
242,234,219,210,218,210,209,202,197,196,190,184,179,173,173,156,145,139,134,129,125,149,158,163,154,145,142,139,128,117,125,132,126,117,117,125,129,122,114,106,98,90,82,87,94,102,109,117,125,132,135,127,119,112,104,97,90,83,79,74,66,63,67,69,63,68,80,89,94,86,80,76,72,69,66,59,65,64,49,40,41,44,47,52,57,53,46,39,34,29,29,32,44,51,59,61,54,47,42,36,29,23,18,16,8,0,8,18,26,23,29,33,40,36,44,49,51,59,65,72,79,87,94,102,109,113,117,121,114,118,123,128,133,131,126,121,117,113,110,117,114,112,110,109,101,102,104,107,101,88,69,74,86,99,93,80,58,52,46,40,33,32,33,36,40,38,33,32,22,16,18,18,8,18,36,60,64,73,73,64,56,54,53,53,54,64,56,58,65,72,83,96,86,102,110,109,101,101,101,109,109,116,125,133,143,152,159,161,168,167,166,158,157,165,165,157,157,165,165,157,158,166,182,189,189,189,189,190,191,192,208,206,205,205,213,213,214,216,217,219,221,227,219,213,211,209,204,200,190,196,194,170,163,165,173,175,168,171,174,178,171,160,149,138,128,120,124,128,133,137,162,169,175,181,188,195,201,199,208,228
239,231,216,206,214,205,204,197,193,191,185,179,173,167,168,151,139,133,128,123,118,143,152,157,147,138,135,131,121,109,117,125,118,109,109,117,122,114,106,98,90,82,74,79,87,94,102,109,117,125,127,119,112,104,97,90,83,76,72,66,59,56,60,63,57,63,74,83,88,80,76,72,69,66,65,57,64,65,49,41,40,41,44,47,52,47,40,35,33,29,32,36,47,54,61,65,58,52,48,44,36,29,23,18,12,8,0,16,25,18,23,28,34,29,36,42,44,51,58,65,72,79,87,94,102,106,110,114,107,112,117,122,128,126,121,117,113,110,107,114,112,110,109,109,101,101,102,104,98,85,64,69,80,93,86,74,52,46,40,36,32,33,36,40,46,45,41,40,30,24,26,26,12,16,33,56,60,68,70,62,54,53,53,54,56,67,60,63,69,76,86,99,88,104,112,110,102,101,101,109,109,117,124,133,141,150,158,159,167,166,165,157,157,165,165,157,157,165,166,158,159,167,183,190,189,189,189,189,190,191,206,205,205,205,213,213,213,214,216,217,219,225,217,211,209,208,202,198,188,194,192,168,161,163,170,173,165,168,171,174,167,156,145,135,125,117,120,124,128,133,157,164,170,177,184,191,197,196,205,225
253,246,230,221,228,219,217,210,206,204,197,191,185,179,180,164,151,145,139,133,128,152,162,167,157,147,143,138,128,115,122,130,121,111,109,117,120,112,104,96,88,80,72,74,82,90,98,106,114,122,123,115,107,99,92,84,76,69,66,64,56,51,53,54,47,52,63,73,77,68,63,58,54,51,49,41,48,49,33,26,24,26,29,34,40,38,29,22,17,14,19,26,34,40,47,52,46,40,40,40,32,24,16,8,12,18,16,0,9,8,16,17,26,24,32,35,40,48,68,74,80,87,94,101,108,114,118,123,117,122,128,134,140,139,135,131,128,125,122,130,128,126,125,125,117,117,118,120,113,99,77,81,91,102,97,86,63,58,54,51,48,49,51,54,58,54,47,44,30,29,34,34,26,32,49,71,74,83,86,77,70,69,69,70,71,81,74,76,83,90,101,114,103,120,128,126,118,117,117,125,125,133,140,149,157,166,174,175,183,182,181,173,173,181,181,173,173,181,182,174,175,183,198,205,205,205,205,205,205,206,222,221,221,221,229,229,229,230,231,233,234,240,232,227,225,223,218,213,203,209,208,184,176,178,186,188,180,183,185,189,181,171,160,150,140,132,135,138,142,146,170,177,184,191,197,204,212,211,220,240
260,253,237,227,234,225,222,216,211,209,203,196,190,184,185,169,156,150,144,138,132,155,166,172,160,150,145,141,130,117,124,131,122,111,108,116,119,111,103,95,87,79,71,71,79,87,95,103,111,119,120,112,104,96,88,80,72,65,63,63,55,48,49,49,42,45,57,67,71,61,56,50,46,43,41,33,41,42,25,19,17,18,22,28,34,33,24,15,8,9,17,25,31,36,42,47,42,38,41,43,35,28,20,13,19,26,25,9,0,10,17,12,22,24,32,32,39,47,73,78,84,90,97,103,110,117,121,127,121,126,132,139,145,145,141,137,134,131,129,137,135,134,133,133,125,125,126,127,120,106,84,87,96,107,101,91,68,64,61,58,57,57,59,62,66,61,53,49,34,36,42,42,34,41,57,79,81,90,94,85,77,77,77,78,80,90,82,84,91,98,109,122,112,128,136,134,126,125,125,133,133,141,149,157,165,174,181,182,190,189,189,181,181,189,189,181,181,189,190,182,183,191,207,214,213,213,213,213,213,214,230,229,229,229,237,237,237,238,239,240,242,247,240,234,232,231,225,220,211,217,215,192,184,185,193,195,187,190,192,195,188,177,167,157,147,139,142,145,148,152,176,183,190,197,204,211,218,218,226,247
250,243,228,217,224,215,212,206,201,199,193,186,180,174,175,159,146,140,134,128,122,145,156,162,151,140,136,132,121,108,115,122,114,103,101,109,112,104,96,88,80,72,64,66,74,82,90,98,106,114,115,107,99,92,84,76,69,61,59,56,48,43,45,47,40,46,57,66,71,63,58,54,51,49,48,40,49,51,35,29,26,24,26,29,34,31,23,18,18,19,26,33,40,46,52,57,52,47,48,48,40,32,24,16,18,23,18,8,10,0,8,10,18,16,24,28,32,40,63,68,74,80,87,94,101,107,112,117,111,116,122,129,135,135,131,128,125,122,120,128,126,125,125,125,117,117,117,118,111,97,74,77,86,97,91,81,58,54,51,49,49,51,54,58,63,60,54,51,37,36,40,40,29,33,48,70,71,80,85,77,69,69,70,71,74,85,77,80,87,94,104,117,105,122,130,128,120,118,117,125,126,133,141,148,157,165,173,174,182,181,181,173,173,181,181,173,174,182,183,175,176,184,200,206,205,205,205,205,205,205,221,221,221,221,229,229,229,229,230,231,233,238,230,225,223,222,216,211,201,208,206,183,175,176,184,186,178,180,183,185,178,168,157,147,137,130,132,135,138,142,166,173,180,187,194,201,208,208,217,237
247,241,225,214,221,212,208,201,197,195,188,181,175,169,170,155,141,135,129,122,116,139,150,156,145,134,129,125,114,101,108,115,106,96,93,101,104,96,88,80,72,64,56,59,66,74,82,90,98,106,107,99,92,84,76,69,61,54,51,48,40,35,38,40,34,40,52,60,66,58,54,51,49,48,49,41,51,54,38,34,29,26,24,26,29,25,18,17,22,26,33,40,47,52,57,63,58,54,56,56,48,40,32,24,26,29,23,16,17,8,0,9,12,8,16,20,24,32,58,63,68,74,80,87,94,100,105,111,105,111,117,124,130,131,128,125,122,120,118,126,125,125,125,125,117,117,117,117,110,95,71,74,81,91,86,77,54,51,49,48,51,54,58,63,68,67,61,59,45,44,47,47,34,36,49,69,70,78,84,77,69,70,71,74,77,88,81,86,92,98,108,120,108,125,132,130,122,120,118,126,128,135,141,149,156,165,173,173,181,181,181,173,173,181,182,174,175,183,184,176,178,186,201,208,206,205,205,205,205,205,221,221,221,221,229,229,229,229,229,230,231,237,229,223,222,221,215,209,200,206,205,182,174,175,183,184,176,178,180,183,175,165,155,145,135,128,130,132,135,138,162,169,176,183,190,197,205,205,214,235
255,249,233,223,229,220,216,209,205,203,196,189,183,176,178,163,149,143,136,130,124,146,158,164,152,141,136,131,120,106,113,120,111,100,96,104,107,99,91,83,75,67,59,59,67,75,83,91,99,107,108,100,92,84,76,68,61,53,51,51,43,36,37,38,31,36,47,57,61,53,48,44,42,41,41,33,43,46,30,28,22,18,17,19,25,22,13,8,15,21,29,37,42,45,50,57,52,49,53,55,47,39,32,24,28,33,28,17,12,10,9,0,10,13,20,20,28,35,66,70,76,81,87,93,100,107,112,118,112,119,125,131,138,139,136,133,130,128,126,134,133,133,133,133,125,125,125,125,118,103,80,82,89,99,94,85,62,59,57,57,58,61,64,68,73,70,63,60,45,45,50,50,39,43,57,77,78,86,93,85,77,77,79,81,84,94,87,90,97,104,114,127,115,131,139,137,129,127,126,134,135,142,149,157,165,173,181,181,189,189,189,181,181,189,189,181,182,190,192,184,185,193,209,215,214,213,213,213,213,213,229,229,229,229,237,237,237,237,238,238,240,245,237,232,230,230,223,217,208,215,214,190,182,183,191,192,184,186,188,191,183,173,163,153,144,136,138,140,143,146,170,177,184,191,198,206,213,214,223,243
252,247,230,219,225,216,212,204,201,197,191,184,177,170,173,158,144,137,130,124,117,139,151,157,145,133,128,123,112,98,105,112,102,90,86,94,97,89,81,73,65,57,49,49,57,65,73,81,89,97,98,90,82,74,66,59,51,44,41,41,33,26,28,29,23,29,40,49,54,47,44,41,40,41,44,36,47,52,37,36,29,23,18,16,18,13,8,13,24,31,39,47,51,54,58,65,61,59,63,65,57,49,41,33,36,40,34,26,22,18,12,10,0,8,12,10,18,26,61,65,69,74,80,86,92,100,105,111,106,113,119,126,133,135,132,130,128,126,125,133,133,133,133,134,126,125,125,125,117,101,77,79,85,93,88,81,59,57,56,57,61,65,69,74,80,78,72,69,55,54,58,58,46,47,59,77,77,85,93,85,77,79,81,85,88,99,93,97,103,109,119,131,119,135,142,140,132,130,128,135,137,144,150,157,165,172,181,181,189,189,189,181,182,190,191,183,184,192,194,186,188,196,211,217,216,214,213,213,213,213,229,229,229,229,237,237,237,237,237,237,238,243,235,230,229,229,222,216,206,213,213,189,181,182,190,191,183,184,186,188,180,170,161,151,142,134,135,137,140,142,165,172,180,187,194,202,210,211,220,240
245,239,223,212,217,208,204,197,194,191,184,177,170,164,166,151,137,130,124,117,111,133,145,151,139,128,123,118,107,94,101,108,99,88,85,93,96,88,80,72,64,56,48,51,59,66,74,82,90,98,99,92,84,76,69,61,54,47,44,40,32,28,31,34,29,36,47,54,60,54,51,49,48,49,51,44,54,58,43,40,34,29,26,24,26,19,16,19,28,33,40,48,54,58,63,69,65,61,64,64,56,48,40,32,33,36,29,24,24,16,8,13,8,0,8,13,16,24,54,58,63,68,74,80,87,94,100,105,100,106,113,119,126,128,125,122,120,118,117,125,125,125,125,126,118,117,117,117,109,93,70,71,77,86,81,74,51,49,48,49,54,58,63,68,74,74,69,66,53,51,54,54,40,40,51,69,69,77,85,77,70,71,74,77,81,93,86,91,97,103,113,124,111,128,135,132,125,122,120,128,130,136,143,149,157,164,173,173,181,181,181,173,174,182,183,175,176,184,186,178,180,188,203,209,208,206,205,205,205,205,221,221,221,221,229,229,229,229,229,229,230,235,227,222,221,221,214,208,198,205,205,181,173,174,182,183,175,176,178,180,173,163,153,143,134,126,128,130,132,135,158,165,172,180,187,194,202,203,212,232
242,237,221,209,214,205,201,194,190,187,180,173,166,159,162,147,133,126,119,113,106,128,140,146,134,122,117,112,100,87,94,101,91,80,77,85,88,80,72,64,56,48,40,44,51,59,66,74,82,90,92,84,76,69,61,54,47,40,36,32,24,20,25,29,26,33,44,49,56,51,49,48,49,51,54,47,58,63,49,47,40,34,29,26,24,17,18,25,34,40,48,56,61,65,69,76,72,69,72,72,64,56,48,40,41,44,36,32,32,24,16,20,12,8,0,9,8,16,51,54,58,63,68,74,80,88,94,100,95,101,108,115,122,125,122,120,118,117,117,125,125,125,126,128,120,118,117,117,108,93,69,70,74,81,77,71,49,48,49,51,58,63,68,74,80,81,76,74,61,59,61,61,47,46,54,70,69,76,86,79,71,74,77,81,86,97,91,97,102,108,117,129,115,131,138,135,128,125,122,130,132,138,144,150,157,165,173,173,181,181,182,174,175,183,184,176,178,186,188,180,183,190,205,211,209,208,206,205,205,205,221,221,221,222,230,229,229,229,229,229,229,234,226,221,221,221,213,206,198,205,205,181,173,173,181,182,174,175,176,178,170,161,151,142,133,125,126,128,130,132,154,162,169,177,184,192,200,201,210,230
249,245,228,216,221,212,207,200,197,193,186,179,172,165,168,154,139,132,125,118,111,132,145,151,139,126,121,115,104,90,97,103,93,81,76,84,87,79,71,63,55,47,39,39,47,55,63,71,79,87,88,80,72,65,57,49,42,34,32,32,24,16,18,22,18,25,35,42,48,43,41,41,42,44,48,42,53,58,45,45,38,31,25,19,17,8,13,22,33,41,49,57,61,63,67,74,71,68,73,75,67,59,51,43,45,49,42,35,32,28,20,20,10,13,9,0,10,17,58,61,64,68,73,78,84,93,99,105,100,107,114,121,128,131,129,127,126,125,125,133,133,133,134,136,128,126,125,125,117,101,77,77,81,87,84,79,57,57,57,59,66,70,76,81,87,87,81,78,65,63,67,67,53,53,62,78,77,85,94,87,80,82,85,89,94,105,99,104,109,115,125,136,123,139,146,143,136,133,130,138,140,147,152,159,165,173,181,181,189,189,190,182,183,191,192,184,186,194,196,188,191,198,214,219,217,216,215,214,213,213,229,229,230,230,238,238,237,237,237,237,237,242,234,229,229,229,221,214,205,213,213,189,181,181,189,189,181,182,184,185,178,168,159,150,141,133,134,135,137,139,161,168,176,183,191,198,207,209,217,238
240,236,219,207,212,202,197,190,187,183,176,169,162,155,158,144,129,122,115,108,101,122,135,141,129,116,111,105,94,80,87,94,84,73,69,77,80,72,64,56,48,40,32,36,44,51,59,66,74,82,84,76,69,61,54,47,40,34,29,24,16,13,19,26,24,32,41,45,52,49,48,49,51,54,58,52,63,68,55,54,47,40,34,29,26,18,23,31,42,48,56,64,69,72,76,83,79,76,79,80,72,64,56,48,49,51,44,40,39,32,24,28,18,16,8,10,0,8,49,51,54,58,63,68,74,83,89,95,90,97,104,111,119,122,120,118,117,117,117,125,125,126,128,130,122,120,118,117,109,93,69,69,71,77,74,70,48,49,51,54,63,68,74,80,87,88,84,82,69,66,69,69,54,52,58,71,70,77,88,81,74,77,81,86,91,102,97,103,108,114,122,133,119,135,142,138,131,128,125,132,135,141,146,152,158,165,174,173,181,182,183,175,176,184,186,178,180,188,190,183,185,193,208,213,211,209,208,206,205,205,221,221,222,223,231,230,229,229,229,229,229,233,225,221,221,221,213,205,197,205,205,181,173,173,181,181,173,174,175,176,168,159,150,141,133,125,125,126,128,130,151,159,166,174,181,189,197,200,208,229
238,235,218,205,209,200,194,187,184,180,172,165,158,151,154,141,126,119,111,104,97,117,130,137,124,111,105,100,88,74,80,87,77,65,61,69,72,64,56,48,40,32,24,29,36,44,51,59,66,74,76,69,61,54,47,40,34,29,23,16,8,9,17,24,26,33,40,42,50,48,49,51,54,58,63,57,68,74,62,61,54,47,40,34,29,22,29,38,49,56,64,72,76,79,83,90,87,84,87,88,80,72,64,56,57,59,51,48,47,40,32,35,26,24,16,17,8,0,48,49,51,54,58,63,68,77,84,90,86,94,101,108,116,120,118,117,117,117,117,125,126,128,130,132,125,122,120,118,110,93,70,69,70,74,71,69,49,51,54,58,68,74,80,87,94,96,92,90,77,74,76,76,61,58,63,74,71,78,90,85,77,81,86,91,97,108,102,109,114,119,128,138,124,139,146,142,135,131,128,135,138,144,148,154,160,166,175,174,182,183,184,176,178,186,188,180,183,190,193,185,189,196,211,216,213,211,209,208,206,205,221,222,223,225,233,231,230,229,229,229,229,233,225,221,221,221,212,205,197,205,205,181,173,173,181,181,173,173,174,175,167,158,149,141,133,125,125,125,126,128,148,156,164,171,179,187,196,198,207,227
192,187,170,159,164,155,151,144,140,137,130,124,117,111,113,97,84,77,71,66,60,85,94,100,89,81,78,75,66,56,64,72,70,65,73,79,87,80,74,68,63,58,54,69,72,76,80,86,91,97,102,97,92,87,83,79,76,74,66,51,49,57,65,72,73,81,88,89,97,96,97,98,99,102,104,97,108,112,96,92,87,83,79,76,74,66,69,73,79,81,87,93,102,108,114,119,114,108,105,101,94,87,80,74,69,65,58,68,73,63,58,66,61,54,51,58,49,48,0,8,16,24,32,40,48,50,52,56,49,54,60,66,73,74,71,70,69,69,70,77,79,81,85,88,81,77,74,71,63,46,24,21,24,35,29,21,8,16,24,32,48,56,64,72,80,89,92,94,86,79,76,76,61,51,40,35,29,33,49,46,42,49,56,64,71,81,79,90,92,94,99,106,89,102,108,102,97,91,86,93,97,101,104,108,113,119,128,126,134,135,137,130,132,140,142,135,138,145,149,142,146,153,167,171,168,165,163,161,159,158,174,175,176,178,186,184,183,182,181,181,181,185,177,173,173,173,164,157,149,157,157,133,125,125,133,133,125,125,126,128,120,110,101,93,85,77,77,77,79,81,104,111,119,126,133,141,149,151,160,180
190,186,169,157,161,152,147,140,137,133,126,119,113,106,108,94,79,73,66,60,54,78,88,94,83,74,70,68,58,48,56,64,62,58,66,73,80,74,68,63,58,54,51,66,69,72,76,80,86,91,97,92,87,83,79,76,74,73,65,49,48,57,65,73,74,82,89,89,97,97,98,99,102,104,108,101,112,116,100,97,92,87,83,79,76,68,72,77,84,87,93,99,108,114,119,125,119,114,112,108,101,94,87,80,76,72,65,74,78,68,63,70,65,58,54,61,51,49,8,0,8,16,24,32,40,42,45,49,43,49,55,62,68,71,70,69,69,70,71,79,81,85,88,93,86,81,77,74,65,49,29,24,21,29,24,21,16,24,32,40,56,64,72,80,88,97,99,102,94,87,84,84,69,59,48,42,35,37,54,53,49,56,64,71,79,89,87,98,99,102,106,113,96,109,114,108,102,97,91,97,102,106,108,111,116,121,130,128,135,137,140,132,135,142,145,138,142,149,153,146,150,157,171,174,171,168,165,163,161,159,175,176,178,180,188,186,184,183,182,181,181,185,177,173,173,174,165,157,149,157,158,134,126,125,133,133,125,125,125,126,118,109,101,93,85,77,77,77,77,79,101,108,116,123,131,138,147,150,158,179
188,185,168,155,159,149,144,137,133,129,122,115,108,101,104,90,76,68,62,55,49,72,83,89,77,67,63,60,50,40,48,56,54,51,60,66,74,68,63,58,54,51,49,65,66,69,72,76,80,86,92,87,83,79,76,74,73,72,64,48,49,58,66,74,76,84,90,89,97,98,99,102,104,108,112,105,116,120,105,102,97,92,87,83,79,71,76,82,90,93,99,105,114,119,125,131,125,120,119,115,108,101,94,87,83,79,72,80,84,74,68,76,69,63,58,64,54,51,16,8,0,8,16,24,32,35,38,43,37,44,51,58,65,70,69,69,70,71,74,81,85,88,93,97,91,86,81,77,68,53,35,29,21,24,21,24,24,32,40,48,64,72,80,88,96,105,107,109,101,94,92,92,76,66,56,49,42,43,60,60,56,64,71,79,87,97,95,106,107,109,113,120,103,115,120,114,109,102,97,102,108,111,113,115,119,123,132,130,137,140,142,135,138,145,149,142,146,153,157,150,155,161,175,178,174,171,168,165,163,161,176,178,180,183,190,188,186,184,183,182,181,185,177,173,174,175,165,157,149,158,159,135,128,126,134,133,125,125,125,125,117,109,101,93,87,79,77,77,77,77,98,105,113,121,129,136,145,149,157,178
187,185,167,154,157,147,141,133,131,126,119,111,104,97,101,88,73,65,58,51,44,66,77,84,71,60,56,52,42,32,40,48,47,44,54,60,68,63,58,54,51,49,48,64,65,66,69,72,76,80,87,83,79,76,74,73,72,73,65,49,51,61,68,76,79,87,92,89,97,99,102,104,108,112,116,109,120,125,111,108,102,97,92,87,83,75,80,87,95,99,105,112,120,125,131,137,132,127,126,122,115,108,101,94,90,87,79,87,90,80,74,81,74,68,63,68,58,54,24,16,8,0,8,16,24,27,32,37,33,40,47,55,63,69,69,70,71,74,77,85,88,93,97,102,97,91,86,81,73,57,42,35,24,21,21,29,32,40,48,56,72,80,88,96,104,113,115,117,108,102,99,99,84,74,64,56,49,49,67,67,64,71,79,87,95,104,102,114,115,117,121,127,110,121,126,120,115,109,102,108,114,116,117,119,122,126,135,132,140,142,145,138,142,149,153,146,150,157,161,155,160,166,179,182,178,174,171,168,165,163,178,180,183,185,193,190,188,186,184,183,182,185,177,174,175,176,166,157,150,159,161,137,130,128,135,134,126,125,125,125,117,109,101,95,89,81,79,77,77,77,96,103,111,119,127,135,144,149,157,177
186,184,167,153,155,145,138,131,129,123,116,108,101,94,98,86,70,63,55,47,40,60,73,79,66,54,49,45,35,24,32,40,39,37,49,54,63,58,54,51,49,48,49,65,64,65,66,69,72,76,83,79,76,74,73,72,73,74,66,51,54,64,71,79,83,90,94,91,99,102,104,108,112,116,120,114,125,131,116,114,108,102,97,92,87,79,86,92,101,105,112,119,127,132,137,143,138,134,133,130,122,115,108,101,97,94,87,94,97,87,80,87,80,74,68,73,63,58,32,24,16,8,0,8,16,20,26,33,30,37,45,53,61,69,70,71,74,77,81,88,93,97,102,108,102,97,91,86,77,63,49,42,29,21,24,35,40,48,56,64,80,88,96,104,112,121,123,125,116,109,107,107,92,82,72,64,56,56,74,74,71,79,87,95,102,112,110,122,123,125,128,134,117,128,133,126,121,115,109,114,120,122,122,124,126,129,138,135,142,145,149,142,146,153,157,150,155,161,166,160,165,171,184,186,182,178,174,171,168,165,180,183,185,189,196,193,190,188,186,184,183,186,178,175,176,178,168,158,151,161,163,140,132,130,137,135,128,126,125,125,117,109,102,97,92,85,81,79,77,77,94,102,110,118,126,133,143,149,156,177
185,185,167,153,154,144,136,129,127,121,113,105,98,90,96,85,69,61,53,45,37,55,68,76,62,49,43,38,27,16,24,32,32,32,45,49,58,54,51,49,48,49,51,66,65,64,65,66,69,72,79,76,74,73,72,73,74,76,69,54,58,68,75,83,87,94,97,93,100,104,108,112,116,120,125,119,131,136,122,120,114,108,102,97,92,84,91,98,108,112,119,126,134,138,143,149,145,140,140,137,130,122,115,108,104,102,94,101,103,94,87,93,86,80,74,78,68,63,40,32,24,16,8,0,8,15,22,30,28,36,44,52,60,70,71,74,77,81,86,93,97,102,108,114,109,102,97,91,83,69,56,49,35,24,29,42,48,56,64,72,88,96,104,112,120,129,131,132,123,117,115,115,99,90,80,71,64,63,81,81,79,87,95,102,110,120,118,129,131,132,136,141,124,135,139,133,128,121,115,120,126,128,128,129,130,133,142,138,145,149,153,146,150,157,161,155,160,166,171,165,170,176,189,190,186,182,178,174,171,168,183,185,189,192,199,196,193,190,188,186,184,187,179,176,178,180,169,159,153,163,165,142,135,132,140,137,130,128,126,125,117,110,104,99,95,88,85,81,79,77,93,101,109,117,125,133,143,149,157,177
185,185,167,153,153,143,135,127,126,119,111,103,96,88,94,84,68,60,52,44,36,51,65,73,58,44,37,32,20,8,16,24,25,27,42,45,54,51,49,48,49,51,54,69,66,65,64,65,66,69,76,74,73,72,73,74,76,79,72,58,63,73,79,87,92,98,101,96,103,108,112,116,120,125,131,125,136,142,129,127,120,114,108,102,97,90,97,105,114,119,126,133,140,145,149,156,151,147,147,145,137,130,122,115,112,109,102,108,110,101,94,100,92,87,80,84,74,68,48,40,32,24,16,8,0,12,20,28,30,37,45,53,61,71,74,77,81,86,91,97,102,108,114,120,115,109,102,97,88,75,64,56,42,29,35,49,56,64,72,80,96,104,112,120,128,137,139,140,131,125,123,123,107,98,88,79,71,70,88,89,87,95,102,110,118,128,126,137,139,140,143,148,131,142,146,139,135,128,121,126,133,134,133,134,135,137,146,142,149,153,157,150,155,161,166,160,165,171,176,170,176,182,194,195,190,186,182,178,174,171,185,189,192,196,203,199,196,193,190,188,186,188,180,178,180,183,171,161,155,165,168,145,138,135,142,140,132,130,128,126,118,112,107,102,99,93,88,85,81,79,92,100,108,116,124,132,143,150,157,177
173,173,155,141,141,131,123,115,114,107,99,92,84,76,82,72,56,48,40,32,24,40,54,61,47,34,29,26,16,15,20,27,33,38,54,56,65,63,61,60,61,63,65,80,78,77,76,77,78,80,88,86,85,84,85,86,88,90,83,68,73,83,89,97,101,108,111,107,114,119,122,126,130,135,140,134,145,150,136,134,128,122,116,111,106,99,105,112,121,125,132,139,147,152,157,163,158,154,153,149,142,135,128,121,117,113,106,114,117,107,100,107,100,94,88,93,83,77,50,42,35,27,20,15,12,0,8,16,18,26,33,41,49,60,63,67,72,77,83,88,94,100,106,113,108,101,95,89,80,68,61,53,37,22,30,45,58,66,73,81,97,105,113,121,129,139,141,143,135,128,126,126,111,100,89,77,69,66,84,86,85,93,101,109,117,126,125,137,137,138,140,144,127,137,140,133,129,122,115,119,126,127,125,125,125,127,136,132,138,143,147,140,145,152,157,151,156,162,167,162,168,173,185,185,180,176,171,167,163,160,174,178,181,185,192,188,185,182,179,176,174,176,168,166,169,171,160,149,143,154,156,135,128,124,131,128,121,118,116,114,106,100,96,92,89,83,78,74,70,68,80,88,96,104,112,120,131,138,145,165
165,165,147,133,133,123,115,107,106,99,92,84,76,69,74,64,48,40,32,24,16,34,47,54,40,29,26,24,18,22,26,32,40,46,62,64,73,70,69,68,69,70,73,88,86,85,84,85,86,88,96,94,93,92,93,94,96,98,90,76,79,89,96,104,108,115,119,114,122,126,129,133,137,141,146,140,151,156,142,139,133,128,122,117,113,105,111,118,127,130,137,143,152,157,162,168,163,158,157,153,145,138,132,125,121,117,110,118,121,112,105,112,105,100,94,99,89,84,52,45,38,32,26,22,20,8,0,8,12,18,26,33,41,52,56,60,66,71,77,83,89,95,101,108,104,97,90,84,76,65,60,52,36,20,28,44,60,68,75,83,99,106,114,122,130,140,143,146,138,131,128,128,113,103,91,76,68,65,82,85,84,92,100,108,116,125,124,137,137,137,139,142,125,133,137,129,126,119,111,115,122,123,120,119,119,120,129,125,132,136,140,134,139,145,151,145,150,156,162,156,162,168,179,179,174,169,165,160,156,153,167,170,174,178,185,181,178,174,171,169,166,168,161,159,161,164,152,141,136,146,149,128,121,117,124,121,113,111,108,106,99,93,88,85,83,77,72,67,63,60,72,80,88,96,104,112,123,130,137,157
157,157,139,125,125,115,107,99,98,92,84,76,69,61,66,56,40,32,24,16,8,29,40,47,34,26,24,26,23,30,33,37,47,54,70,71,80,78,77,76,77,78,80,96,94,93,92,93,94,96,103,102,101,100,101,102,103,105,98,83,86,96,103,111,115,122,126,122,130,133,137,140,144,148,153,146,157,162,148,145,139,134,129,124,119,111,117,124,132,135,141,148,157,162,167,173,168,163,161,156,149,143,136,129,125,121,114,123,127,117,111,118,111,105,100,105,95,90,56,49,43,37,33,30,28,16,8,0,8,12,18,26,33,45,49,54,60,66,73,77,84,90,97,104,101,94,86,79,72,63,61,53,37,22,30,45,63,70,78,85,100,108,116,124,132,142,146,149,142,135,131,131,117,106,93,77,69,64,81,84,85,93,101,109,117,124,125,137,137,137,137,140,123,131,133,126,123,116,108,111,119,119,116,114,114,114,123,118,125,129,134,128,133,139,145,139,145,150,156,151,157,162,173,173,168,163,158,154,149,145,160,163,167,171,178,174,170,167,164,161,159,161,153,151,154,156,145,133,128,139,142,121,114,110,117,113,106,103,100,99,91,85,81,78,77,71,66,60,56,52,64,72,80,88,96,104,115,122,129,149
157,157,139,125,126,116,109,102,99,94,87,79,72,65,69,57,41,33,26,18,12,36,46,52,40,33,32,33,29,33,37,43,51,56,71,74,83,80,78,77,76,77,78,94,93,92,93,94,96,98,105,103,102,101,100,101,102,103,96,80,83,93,100,108,111,119,123,120,128,131,133,137,140,144,148,141,153,157,142,139,134,129,124,119,115,107,113,119,126,129,135,141,151,156,162,167,162,157,154,149,143,136,129,123,118,114,107,117,121,111,105,112,106,100,95,100,90,86,49,43,37,33,30,28,30,18,12,8,0,8,16,24,32,42,45,49,54,60,66,71,77,84,90,97,94,86,79,73,65,55,53,45,30,15,22,37,56,63,70,78,93,100,108,116,124,135,139,142,135,128,124,124,110,99,85,69,61,56,73,76,77,85,93,101,109,116,117,129,129,129,129,132,115,123,126,119,116,108,101,104,111,112,109,108,108,109,118,114,121,125,129,123,128,134,139,133,139,145,150,145,151,156,167,168,163,158,154,149,145,142,156,160,163,167,174,170,167,164,161,159,157,159,151,149,151,154,142,132,126,136,139,117,110,106,113,111,103,100,99,97,89,83,78,74,72,66,60,56,52,50,65,73,81,89,97,105,115,121,129,149
149,149,131,117,118,108,102,94,92,87,79,72,65,58,61,49,33,26,18,12,8,33,40,46,36,32,33,36,34,40,44,49,58,64,79,81,90,88,86,85,84,85,86,102,101,100,101,102,103,105,113,111,110,109,108,109,110,111,103,88,90,100,107,116,119,126,131,128,135,138,141,144,147,151,155,148,159,164,149,145,140,135,130,126,122,114,119,125,132,135,141,146,156,162,168,173,167,162,159,154,147,140,134,128,123,118,112,122,126,116,111,119,113,106,101,107,97,94,54,49,44,40,37,36,37,26,18,12,8,0,8,16,24,35,38,43,49,55,62,66,73,79,86,94,90,83,76,68,61,53,55,47,33,20,26,40,60,67,74,81,96,103,111,118,126,137,142,145,139,132,128,128,114,103,88,70,63,57,72,77,78,86,94,102,110,117,118,130,129,129,129,130,114,121,123,116,113,105,98,101,108,108,105,103,102,103,112,107,114,118,123,117,122,128,133,128,134,139,145,140,146,151,162,162,157,152,147,143,138,135,149,153,156,160,167,163,160,156,154,151,149,151,143,141,143,146,135,124,118,128,131,110,103,99,106,103,96,93,91,89,81,75,70,67,66,60,54,49,45,42,57,65,73,81,89,97,107,113,121,141
141,141,123,109,110,101,94,87,84,79,72,65,58,52,54,41,26,18,12,8,12,32,36,40,33,33,36,40,40,47,51,55,65,71,87,89,98,96,94,93,92,93,94,110,109,108,109,110,111,113,121,119,118,117,116,117,118,119,111,96,98,107,115,123,126,133,138,135,143,146,148,151,154,158,162,155,166,170,155,151,146,141,137,133,129,121,126,131,139,141,146,152,162,168,174,179,173,167,164,158,152,145,139,133,128,123,117,128,132,122,117,125,119,113,108,114,104,101,60,55,51,47,45,44,45,33,26,18,16,8,0,8,16,27,32,37,44,51,58,62,68,76,83,90,88,80,73,65,59,52,58,51,37,27,32,44,66,72,78,85,99,106,113,121,128,140,145,149,144,136,132,132,118,107,92,73,65,59,73,78,80,88,96,103,111,118,119,132,130,129,128,129,113,119,121,113,111,103,96,98,105,104,101,98,97,97,105,100,107,112,117,111,116,122,128,122,129,134,140,135,141,146,156,156,151,145,140,136,132,128,142,145,149,154,160,156,153,149,146,143,141,143,135,133,136,139,127,116,111,121,124,103,96,92,99,96,88,85,83,81,73,68,63,60,60,55,49,43,38,35,49,57,65,73,81,89,99,105,113,133
133,133,115,101,102,93,87,79,76,72,65,58,52,46,47,33,18,12,8,12,18,33,33,36,32,36,40,46,47,55,58,62,72,79,95,97,105,103,102,101,100,101,102,118,117,116,117,118,119,121,129,127,126,125,124,125,126,127,119,103,105,115,123,131,133,141,146,143,151,154,156,159,162,165,169,162,173,177,161,157,153,148,144,140,137,128,133,138,145,147,152,157,168,174,180,185,179,173,169,163,157,151,145,139,133,128,122,134,139,129,124,131,126,119,115,121,111,108,66,62,58,55,53,52,53,41,33,26,24,16,8,0,8,20,26,33,40,47,55,58,65,73,80,88,86,78,70,63,57,53,62,55,43,35,38,49,71,77,83,89,103,110,117,124,131,144,149,154,149,140,136,136,123,112,96,76,68,61,74,80,83,90,98,105,113,119,121,133,132,130,129,129,112,118,119,111,110,102,94,96,103,102,97,94,92,91,100,94,100,105,111,105,111,116,122,117,124,129,135,130,137,141,151,150,145,139,134,129,125,121,135,138,143,147,154,149,145,142,139,136,133,135,128,126,128,131,119,108,103,113,117,96,89,85,92,88,81,78,75,73,66,60,56,54,55,51,44,37,32,27,41,49,57,65,73,81,91,97,105,125
125,125,107,93,95,85,79,72,69,65,58,52,46,40,40,26,12,8,12,18,26,36,32,33,33,40,46,52,54,63,65,68,80,87,102,104,113,111,110,109,108,109,110,126,125,124,125,126,127,129,136,135,133,133,132,133,133,135,127,111,113,123,130,138,141,148,154,151,159,162,164,166,169,172,176,169,180,184,168,164,159,155,151,147,144,136,140,145,151,153,158,163,174,180,186,191,185,179,174,168,162,156,150,145,139,133,128,140,145,135,130,138,133,126,122,128,119,116,73,68,65,63,61,60,61,49,41,33,32,24,16,8,0,15,22,30,37,45,53,55,63,70,78,86,85,77,69,61,56,55,66,60,49,42,45,54,77,83,88,94,107,114,121,128,135,147,154,158,154,145,140,140,128,117,100,79,73,65,76,83,86,94,101,108,116,121,123,136,133,132,129,129,113,117,118,110,109,101,93,94,102,99,94,90,87,86,94,88,94,100,105,100,106,111,117,113,119,124,130,126,133,137,146,145,139,133,128,123,118,114,128,132,136,140,147,143,138,135,131,128,126,128,120,118,121,124,112,100,96,106,110,89,83,78,85,81,74,70,68,66,58,52,49,49,51,47,40,33,26,20,33,41,49,57,65,73,83,89,97,117
119,117,99,86,90,81,78,72,67,66,60,55,51,47,44,26,20,22,26,32,38,51,45,44,47,55,60,66,67,74,77,81,92,98,113,116,125,122,120,118,117,117,117,133,133,133,134,135,137,140,147,145,143,142,141,141,141,141,133,117,118,127,135,143,145,153,159,157,165,167,168,170,173,175,178,171,181,185,169,164,160,156,153,150,147,139,142,146,152,153,157,162,173,179,186,190,184,177,172,165,159,154,149,144,137,131,126,139,145,135,131,139,135,128,125,131,122,120,74,71,70,69,69,70,71,60,52,45,42,35,27,20,15,0,8,16,24,32,40,41,49,57,65,73,72,64,56,48,45,47,63,58,51,48,49,54,77,81,86,91,102,109,115,121,128,141,149,154,150,142,136,136,125,114,97,74,68,60,68,76,80,87,94,101,108,112,115,128,125,122,119,117,102,104,105,97,96,88,80,81,89,86,80,76,73,71,80,74,80,86,91,86,92,97,103,98,105,109,116,112,119,123,132,131,125,119,114,109,105,101,115,119,123,127,134,129,126,122,119,117,115,118,110,107,109,112,100,90,84,94,97,76,69,65,72,69,61,59,57,56,48,41,36,34,36,33,26,18,12,8,32,38,45,52,60,68,76,80,89,109
121,117,100,88,94,85,83,77,72,71,66,62,58,55,51,33,28,30,33,37,43,58,53,52,55,62,66,71,72,77,81,86,96,101,116,119,128,125,122,120,118,117,117,133,133,134,135,137,140,142,150,147,145,143,142,141,141,141,133,117,117,126,134,142,143,151,158,157,165,166,167,168,170,173,175,168,178,181,165,160,156,153,150,147,145,137,140,143,148,148,153,157,168,175,182,186,179,173,167,159,154,149,144,139,133,126,121,135,141,131,128,136,132,125,122,129,120,118,71,70,69,69,70,71,74,63,56,49,45,38,32,26,22,8,0,8,16,24,32,33,41,49,57,65,64,56,48,40,37,40,58,54,49,49,48,51,74,77,81,86,97,102,109,115,121,135,142,148,145,136,131,131,120,109,91,68,63,54,62,69,74,80,87,94,101,104,108,120,117,114,111,109,94,96,97,89,88,80,72,73,81,78,73,68,66,66,74,69,76,80,86,80,86,91,97,92,98,103,109,105,112,116,125,125,119,114,109,105,101,97,112,115,119,123,129,126,122,119,117,115,114,117,109,106,107,109,99,89,82,92,94,72,65,61,69,66,59,57,56,57,49,40,33,29,29,26,18,12,8,12,37,43,49,56,63,70,78,81,89,110
123,118,101,90,97,89,88,83,77,77,73,68,65,63,58,40,36,37,40,44,49,65,61,60,63,68,73,77,77,81,86,91,100,104,119,122,131,128,125,122,120,118,117,133,134,135,137,140,142,145,153,150,147,145,143,142,141,141,133,117,117,125,133,141,142,150,157,156,164,165,166,167,168,170,173,165,175,178,162,156,153,150,147,145,143,135,137,140,145,145,148,153,164,171,178,182,175,168,162,154,149,144,139,135,128,121,117,131,137,128,125,133,130,122,120,127,118,117,70,69,69,70,71,74,77,67,60,54,49,43,37,33,30,16,8,0,8,16,24,26,33,41,49,57,56,48,40,32,30,34,54,51,48,51,49,49,71,74,77,81,91,97,102,109,115,129,136,142,140,131,125,125,115,104,86,63,58,49,55,63,68,74,80,87,94,97,101,113,110,107,103,101,86,88,89,81,80,72,64,65,73,70,65,62,60,60,69,65,72,76,80,74,80,86,91,86,92,97,103,98,105,109,119,119,114,109,105,101,97,94,109,112,115,119,126,122,119,117,115,114,113,116,108,105,106,107,97,88,81,90,92,69,61,59,66,65,57,56,57,59,51,41,32,26,23,18,12,8,12,18,44,49,54,60,67,74,81,82,91,111
126,120,104,94,101,93,94,89,83,84,79,76,73,70,65,47,44,45,47,51,55,73,69,68,70,76,79,84,83,86,91,97,105,108,122,126,135,131,128,125,122,120,118,134,135,137,140,142,145,149,156,153,150,147,145,143,142,141,133,117,117,125,133,141,141,149,157,157,165,165,165,166,167,168,170,163,173,175,159,153,150,147,145,143,142,134,135,138,142,141,145,148,160,167,174,178,171,164,157,149,144,139,135,131,124,117,113,128,134,125,122,130,128,120,118,126,117,117,69,69,70,71,74,77,81,72,66,60,54,49,44,40,37,24,16,8,0,8,16,18,26,33,41,49,48,40,32,24,22,29,51,49,49,54,51,48,70,71,74,77,86,91,97,102,109,122,131,136,135,126,120,120,110,99,81,58,54,45,49,57,63,68,74,80,87,90,94,106,102,99,96,93,78,80,81,73,72,64,56,57,65,63,58,55,54,56,65,61,69,72,76,69,74,80,86,80,86,91,97,92,98,103,114,114,109,105,101,97,94,92,107,109,112,115,122,119,117,115,114,113,112,117,109,104,105,106,97,89,80,89,90,66,59,57,65,64,56,57,59,61,54,44,33,24,18,12,8,12,18,26,51,55,60,66,72,78,85,84,93,113
129,122,106,97,106,98,100,95,89,90,86,83,80,78,73,55,52,53,55,58,62,80,77,76,78,83,86,90,89,91,97,102,110,113,126,130,139,135,131,128,125,122,120,135,137,140,142,145,149,153,160,156,153,150,147,145,143,142,134,118,117,125,133,141,141,149,157,157,165,165,165,165,166,167,168,161,170,173,156,150,147,145,143,142,141,133,134,136,139,138,141,145,156,163,171,174,167,160,153,144,139,135,131,128,120,113,110,125,131,122,120,128,126,118,117,125,117,117,69,70,71,74,77,81,86,77,71,66,60,55,51,47,45,32,24,16,8,0,8,12,18,26,33,41,40,32,24,16,15,26,49,48,51,58,54,49,69,70,71,74,81,86,91,97,102,116,125,131,130,121,115,115,106,95,77,54,51,42,43,52,58,63,68,74,80,83,87,99,95,92,88,85,70,72,73,65,64,56,48,49,57,55,51,49,49,52,61,59,66,69,72,65,69,76,80,74,80,86,91,86,92,97,108,109,105,101,97,94,92,90,106,107,109,112,119,117,115,114,113,112,113,118,110,105,104,105,97,90,81,88,89,65,57,56,64,65,57,59,61,65,58,47,36,26,16,8,12,18,26,33,58,62,66,71,77,83,89,87,96,116
133,125,110,101,111,104,106,101,95,97,94,90,88,86,80,63,60,61,63,65,68,88,85,84,86,90,94,97,95,97,102,109,115,117,130,135,144,139,135,131,128,125,122,137,140,142,145,149,153,157,164,160,156,153,150,147,145,143,135,120,118,125,133,141,141,149,157,158,166,165,165,165,165,166,167,159,168,170,154,147,145,143,142,141,141,133,133,134,137,135,138,141,153,160,168,171,163,156,148,139,135,131,128,125,117,110,107,122,129,120,118,126,125,117,117,125,117,117,70,71,74,77,81,86,91,83,77,73,66,62,58,55,53,40,32,24,16,8,0,8,12,18,26,33,32,24,16,8,9,24,48,49,54,63,58,51,69,69,70,71,77,81,86,91,97,111,120,126,126,117,110,110,102,92,74,51,49,41,38,47,54,58,63,68,74,76,80,93,88,85,80,77,63,64,65,57,56,48,40,41,49,47,44,43,45,50,59,57,65,66,69,61,65,72,76,69,74,80,86,80,86,91,103,105,101,97,94,92,90,89,105,106,107,109,117,115,114,113,112,113,114,119,111,106,105,104,97,92,82,89,88,64,56,57,65,66,59,61,65,69,63,52,40,29,18,12,18,26,33,41,65,68,73,77,83,88,93,90,99,119
126,117,102,95,105,98,101,97,90,94,90,88,86,85,78,61,61,63,65,68,73,90,86,85,88,94,97,101,100,102,108,114,121,124,137,141,150,146,142,138,135,132,130,145,147,150,153,156,160,164,171,167,163,160,157,155,153,151,143,128,126,133,141,149,149,157,165,166,174,173,173,173,173,174,175,167,176,178,162,155,153,151,150,149,149,141,141,142,145,143,145,148,160,168,175,178,171,163,155,146,142,138,135,132,125,117,114,130,137,128,126,134,133,125,125,133,125,125,77,79,81,85,88,93,97,88,83,77,71,66,62,58,55,41,33,26,18,12,8,0,8,16,24,32,33,26,18,12,17,32,56,57,61,69,65,59,77,77,77,79,85,88,93,97,102,117,126,133,133,124,117,117,110,99,81,59,57,49,45,54,61,65,69,74,80,80,86,97,93,88,83,79,65,65,64,56,57,49,41,40,48,45,40,37,38,42,51,49,57,59,61,54,58,65,69,63,68,74,80,74,80,86,97,98,94,90,87,84,82,81,97,98,99,102,109,107,106,105,104,105,106,111,103,98,97,96,89,84,74,81,80,56,48,49,57,59,51,54,58,63,57,46,34,23,12,8,16,24,32,40,63,65,68,73,77,83,87,83,92,111
130,120,106,100,111,104,108,104,97,101,98,96,94,93,86,69,69,70,73,76,79,98,94,93,96,101,104,108,106,108,114,120,126,129,141,146,155,150,146,142,138,135,132,147,150,153,156,160,164,168,175,171,167,163,160,157,155,153,145,130,128,134,142,150,149,157,166,168,175,174,173,173,173,173,174,166,175,176,160,153,151,150,149,149,149,141,141,141,143,141,143,145,157,165,173,175,168,160,152,142,138,135,132,130,122,114,112,128,135,126,125,133,133,125,125,133,125,126,79,81,85,88,93,97,102,94,89,84,77,73,68,65,63,49,41,33,26,18,12,8,0,8,16,24,26,18,12,8,17,33,57,59,65,74,69,61,77,77,77,77,81,85,88,93,97,112,121,128,129,120,113,113,107,97,79,57,56,49,42,51,59,61,65,69,74,74,80,91,86,81,76,71,58,57,56,48,49,41,33,32,40,37,33,32,35,41,49,48,56,57,59,51,54,61,65,58,63,69,74,68,74,80,92,94,90,87,84,82,81,80,96,97,98,99,107,106,105,104,105,106,107,113,105,99,98,97,91,87,76,82,81,57,49,51,59,61,54,58,63,68,63,52,40,29,18,16,24,32,40,48,70,73,76,79,84,89,92,87,96,115
135,124,111,105,117,110,115,111,104,108,105,103,102,101,94,77,77,78,80,83,86,105,102,101,103,108,111,115,113,114,120,126,132,134,146,151,160,155,150,146,142,138,135,150,153,156,160,164,168,173,179,175,171,167,163,160,157,155,147,132,130,136,144,151,150,158,167,169,177,175,174,173,173,173,173,165,174,175,158,151,150,149,149,149,149,141,141,141,142,139,141,143,155,163,170,173,165,157,148,138,135,132,130,128,120,112,110,126,134,125,125,133,133,125,125,133,126,128,81,85,88,93,97,102,108,100,95,90,84,79,76,73,70,57,49,41,33,26,18,16,8,0,8,16,18,12,8,12,20,36,59,61,69,80,74,65,79,77,77,77,79,81,85,88,93,107,117,124,126,117,110,110,104,95,77,56,57,50,41,49,57,59,61,65,69,68,74,85,80,75,68,63,51,49,48,40,41,33,26,24,32,30,26,27,33,41,48,49,57,56,57,49,51,59,61,54,58,65,69,63,68,74,87,90,87,84,82,81,80,81,97,96,97,98,106,105,104,105,106,107,109,116,108,102,99,98,93,90,79,84,82,59,51,54,61,65,58,63,68,74,69,58,47,36,26,24,32,40,48,56,78,80,83,86,90,95,98,92,100,119
140,128,116,111,123,117,122,119,111,116,113,111,110,109,102,85,85,86,88,90,94,113,110,109,111,116,119,122,119,120,126,133,138,139,151,156,165,160,155,150,146,142,138,153,156,160,164,168,173,177,184,179,175,171,167,163,160,157,150,135,132,138,146,153,151,159,168,171,179,176,175,174,173,173,173,165,173,174,157,150,149,149,149,149,150,142,141,141,141,138,139,141,153,161,168,170,163,155,145,135,132,130,128,126,118,110,109,125,133,125,125,133,133,125,126,134,128,130,85,88,93,97,102,108,114,106,101,97,90,86,83,80,78,65,57,49,41,33,26,24,16,8,0,8,12,8,12,18,26,40,61,65,74,86,80,69,81,79,77,77,77,79,81,85,88,103,113,120,123,114,107,107,102,93,77,57,59,52,41,48,56,57,59,61,65,63,69,80,74,69,62,56,44,41,40,32,33,26,18,16,24,22,20,25,33,42,49,51,59,57,56,48,49,57,59,51,54,61,65,58,63,69,83,87,84,82,81,80,81,82,98,97,96,97,105,104,105,106,107,109,112,119,111,104,102,99,96,94,83,87,84,61,54,58,65,69,63,68,74,80,76,65,54,44,33,32,40,48,56,64,86,88,90,94,97,101,104,97,105,124
145,133,121,117,129,124,129,126,119,123,121,119,118,117,110,93,93,94,96,98,101,121,118,117,119,123,126,129,126,126,133,139,144,145,156,162,170,165,160,155,150,146,142,156,160,164,168,173,177,182,189,184,179,175,171,167,163,160,153,138,135,140,148,155,153,161,170,174,181,178,176,175,174,173,173,165,173,173,157,149,149,149,149,150,151,144,142,141,141,137,138,139,151,159,167,168,161,153,143,132,130,128,126,125,117,109,109,125,133,125,125,133,134,126,128,136,130,132,88,93,97,102,108,114,120,113,108,104,97,94,90,88,86,73,65,57,49,41,33,32,24,16,8,0,8,12,18,26,33,46,65,69,80,92,86,74,85,81,79,77,77,77,79,81,85,99,110,117,121,112,104,104,101,93,77,59,61,56,42,49,57,56,57,59,61,58,65,75,69,63,55,48,37,33,32,24,26,18,12,8,16,15,17,25,35,45,51,54,61,59,57,49,48,56,57,49,51,59,61,54,58,65,79,84,82,81,80,81,82,84,99,98,97,96,104,105,106,107,109,112,115,122,115,108,104,102,99,98,87,90,87,65,58,63,69,74,68,74,80,87,83,72,61,51,41,40,48,56,64,72,94,96,98,101,104,108,110,102,111,129
151,139,127,122,134,128,133,129,122,126,123,121,119,118,111,94,92,93,94,96,98,119,117,116,118,121,123,126,122,121,128,135,139,139,150,156,165,159,154,149,144,139,135,149,153,157,161,166,171,176,182,177,173,168,164,160,156,153,145,131,128,133,140,147,145,153,163,166,174,170,168,167,166,165,165,157,165,165,149,141,141,141,141,142,143,136,134,133,133,129,130,131,143,151,159,161,153,145,135,125,122,120,118,117,109,101,101,117,125,117,117,125,126,118,120,128,122,125,81,86,91,97,102,109,115,108,104,101,94,90,88,86,85,72,64,56,48,40,32,33,26,18,12,8,0,8,16,24,30,40,58,63,74,87,80,68,77,74,71,70,69,70,71,74,77,92,102,110,113,104,97,97,93,85,69,51,54,49,35,41,49,48,49,51,54,52,58,69,63,57,51,46,33,32,33,26,24,16,8,12,18,20,25,33,42,52,59,61,69,66,65,57,56,64,65,57,59,66,69,61,65,72,87,92,90,89,88,89,90,92,107,106,105,104,112,113,114,115,117,119,122,129,122,115,112,109,106,105,94,97,94,72,65,69,76,80,74,80,86,92,87,76,65,54,44,41,49,57,65,73,96,98,101,104,108,113,115,108,117,135
146,135,122,116,128,122,126,122,115,119,116,113,111,110,103,86,84,85,86,88,90,111,109,108,110,113,116,119,115,115,121,128,133,133,145,150,159,154,149,144,139,135,131,145,149,153,157,161,166,171,177,173,168,164,160,156,153,150,142,128,125,130,138,145,143,151,161,164,171,168,167,166,165,165,165,157,165,166,149,142,141,141,141,141,142,134,133,133,133,130,131,133,145,153,161,163,155,147,138,128,125,122,120,118,110,102,101,117,125,117,117,125,125,117,118,126,120,122,77,81,86,91,97,102,109,101,97,94,86,83,80,78,77,64,56,48,40,32,24,26,18,12,8,12,8,0,8,16,22,34,54,58,68,80,74,63,74,71,70,69,70,71,74,77,81,96,106,113,116,107,99,99,95,85,69,49,51,45,33,40,48,49,51,54,58,57,63,74,69,64,58,53,40,40,41,33,32,24,16,18,26,26,27,33,41,50,57,59,66,65,64,56,57,65,66,59,61,69,72,65,69,76,90,94,92,90,89,88,89,90,106,105,104,105,113,112,113,114,115,117,119,126,119,112,109,107,103,101,90,94,92,69,61,65,72,76,69,74,80,86,80,69,58,47,36,33,41,49,57,65,88,90,94,97,101,106,109,103,112,130
141,131,118,111,122,115,119,115,108,111,108,105,103,102,96,78,76,77,78,80,83,103,101,100,102,105,108,111,108,109,115,121,127,128,140,145,154,149,144,139,135,131,128,142,145,149,153,157,161,166,173,168,164,160,156,153,150,147,140,125,122,128,136,143,142,150,159,162,169,167,166,165,165,165,165,157,166,167,150,143,142,141,141,141,141,133,133,133,134,131,133,135,147,155,163,165,157,150,141,131,128,125,122,120,112,104,102,118,126,117,117,125,125,117,117,125,118,120,74,77,81,86,91,97,102,95,90,86,79,76,73,70,69,56,48,40,32,24,16,18,12,8,12,18,16,8,0,8,15,29,51,54,63,74,68,58,71,70,69,69,71,74,77,81,86,100,110,117,119,110,102,102,97,87,70,48,49,42,33,41,49,51,54,58,63,63,68,80,75,70,65,61,47,48,49,41,40,32,24,26,33,33,32,35,41,49,56,57,65,64,65,57,59,66,69,61,65,72,76,69,74,80,94,97,94,92,90,89,88,89,105,104,105,106,114,113,112,113,114,115,117,123,116,109,107,106,100,97,87,92,90,66,59,61,69,72,65,69,74,80,74,63,52,40,29,26,33,41,49,57,80,83,86,90,95,100,104,98,107,126
137,128,113,106,116,109,113,108,101,104,101,98,96,94,88,70,68,69,70,73,76,96,93,92,94,98,101,104,101,102,109,115,121,122,135,140,149,144,139,135,131,128,125,140,142,145,149,153,157,161,168,164,160,156,153,150,147,145,137,122,120,126,134,142,141,149,158,160,168,166,165,165,165,165,166,158,167,168,152,145,143,142,141,141,141,133,133,133,135,133,135,138,150,157,165,168,160,153,145,135,131,128,125,122,114,107,104,120,127,118,117,125,125,117,117,125,117,118,71,74,77,81,86,91,97,89,84,79,73,68,65,63,61,48,40,32,24,16,8,12,8,12,18,26,24,16,8,0,9,26,49,51,58,68,63,54,70,69,69,70,74,77,81,86,91,105,115,121,122,113,106,106,99,89,71,49,48,41,35,44,51,54,58,63,68,69,74,86,81,77,73,69,55,56,57,49,48,40,32,33,41,40,37,38,42,49,57,56,64,65,66,59,61,69,72,65,69,76,80,74,80,86,98,101,97,94,92,90,89,88,104,105,106,107,115,114,113,112,113,114,115,121,113,107,106,105,99,94,84,90,89,65,57,59,66,69,61,65,69,74,68,57,46,34,23,18,26,33,41,49,73,76,79,84,89,94,98,94,103,122
142,133,119,110,120,112,114,109,103,105,101,97,94,92,87,69,65,64,65,66,69,90,88,89,89,92,94,97,94,94,100,107,112,114,126,131,140,135,130,126,122,119,116,131,133,137,140,144,148,153,159,155,151,147,144,141,138,136,129,113,111,118,126,133,133,141,149,151,159,157,157,156,157,157,158,150,160,162,145,138,136,135,133,133,132,125,125,126,128,126,129,132,144,151,159,162,154,147,139,130,126,122,119,116,108,101,98,113,120,111,110,118,117,109,108,117,109,110,63,65,68,73,77,83,88,80,76,72,65,61,59,57,56,45,37,30,22,15,9,17,17,20,26,33,30,22,15,9,0,17,41,42,49,60,54,45,61,60,61,63,68,73,77,83,88,102,111,117,117,108,101,101,94,83,65,42,41,32,29,38,45,49,54,60,66,68,73,85,81,78,74,73,57,61,63,55,53,45,37,40,47,47,46,47,51,57,66,65,73,73,75,68,70,78,81,74,78,85,89,83,88,94,107,110,106,103,100,99,97,97,113,113,114,116,124,122,121,121,121,121,122,128,120,114,113,113,106,100,91,97,97,73,65,66,73,75,68,70,74,78,72,60,49,38,27,20,26,33,40,47,72,76,80,86,91,97,102,99,108,128
154,147,132,122,130,122,122,116,111,111,106,101,97,94,90,73,65,63,61,60,61,84,86,88,85,85,86,88,83,81,88,95,99,100,111,116,125,120,115,110,106,102,99,114,117,120,124,128,133,137,144,139,135,131,128,125,122,120,112,97,95,101,109,117,117,125,133,135,143,141,141,141,141,142,143,135,145,147,131,125,122,120,118,117,117,109,109,111,114,113,116,120,131,138,145,149,142,135,128,120,115,110,106,102,95,88,85,99,106,97,95,103,101,93,93,101,93,93,46,49,53,57,63,69,75,68,65,63,55,53,52,53,55,47,40,34,29,26,24,32,33,36,40,46,40,34,29,26,17,0,24,26,34,47,40,29,45,45,46,49,57,63,69,75,81,95,102,108,106,97,91,91,81,70,53,29,26,17,22,29,34,40,47,54,61,66,69,81,79,77,76,78,61,69,72,65,61,54,47,52,58,60,60,63,68,73,82,81,89,90,92,84,87,94,97,90,94,101,105,98,103,109,123,126,122,119,117,115,114,113,129,129,131,132,140,139,137,137,136,137,137,143,135,129,129,128,121,115,106,113,112,88,80,81,89,90,82,84,87,90,83,72,61,51,41,33,36,40,46,52,77,83,88,94,100,107,113,112,121,141
177,170,154,144,151,142,140,134,129,128,122,116,111,106,105,88,77,73,68,65,63,88,94,97,90,86,85,84,77,71,79,87,87,85,94,100,109,102,97,91,86,81,77,92,95,99,104,109,114,119,125,120,115,110,106,102,99,97,89,74,71,78,86,93,93,101,109,111,119,117,117,117,117,118,120,112,122,125,108,102,99,97,95,93,93,85,85,87,91,91,95,99,110,117,124,128,121,115,109,102,97,91,86,81,75,69,64,77,84,74,71,80,77,70,69,77,69,70,24,29,35,42,49,56,64,61,60,61,53,55,58,62,66,63,58,54,51,49,48,56,57,59,61,65,58,54,51,49,41,24,0,8,24,40,32,16,21,21,24,29,42,49,56,64,71,83,88,93,88,80,75,75,63,51,35,16,8,9,26,26,24,32,40,48,56,65,64,77,77,77,80,85,68,80,86,80,74,68,63,69,74,78,81,85,91,97,106,105,113,114,115,107,109,117,119,112,115,122,126,119,123,129,144,148,145,142,140,139,137,137,153,153,154,156,164,162,161,161,160,161,161,166,158,153,153,152,145,139,129,137,136,112,104,105,113,114,106,107,109,112,104,94,84,74,65,57,59,61,65,69,94,100,107,114,121,128,135,135,143,164
174,168,152,141,147,138,136,129,125,123,117,111,105,100,100,83,71,66,62,58,55,80,86,90,83,78,77,76,69,64,71,79,80,78,88,94,102,97,91,86,81,77,74,89,92,95,99,104,109,114,120,115,110,106,102,99,97,95,87,71,70,77,85,93,93,101,109,110,118,117,117,117,118,120,122,114,125,128,111,106,102,99,97,95,93,85,87,90,94,95,99,104,115,121,128,133,126,120,115,109,102,97,91,86,80,74,69,81,87,77,74,82,79,71,70,77,69,69,21,24,29,35,42,49,56,53,52,53,45,47,51,55,60,58,54,51,49,48,49,57,59,61,65,69,63,58,54,51,42,26,8,0,16,32,24,8,21,24,29,35,49,56,64,71,79,90,95,99,94,86,81,81,69,57,42,24,16,15,33,33,32,40,48,56,64,73,72,85,85,85,88,93,76,87,92,86,80,74,68,74,80,83,85,88,93,99,107,106,114,115,117,109,112,119,122,115,119,126,129,123,127,134,147,151,148,145,142,140,139,137,153,154,156,158,165,164,162,161,161,160,161,165,157,153,152,153,145,137,129,136,137,113,105,104,112,113,105,106,107,109,102,92,82,73,64,56,57,59,61,65,89,96,103,110,117,124,132,132,141,162
169,166,148,136,141,132,128,121,117,114,107,100,94,88,89,74,60,54,49,44,40,65,73,77,68,63,61,60,53,49,56,64,66,66,77,83,91,86,81,77,74,71,70,85,87,89,92,95,99,104,110,106,102,99,97,95,93,93,85,69,69,77,85,93,95,102,109,108,116,117,118,120,122,125,128,120,131,135,119,115,110,106,102,99,97,88,92,96,103,104,109,115,125,131,137,142,136,131,127,121,115,109,102,97,91,86,80,91,96,86,81,89,85,77,74,81,71,70,24,21,21,24,29,35,42,37,36,37,30,33,37,43,49,51,49,48,49,51,54,61,65,69,74,80,74,68,63,58,49,34,24,16,0,16,8,8,29,35,42,49,64,71,79,87,95,105,110,113,107,99,95,95,81,70,56,40,32,30,47,49,48,56,64,72,80,89,88,101,101,101,103,107,90,101,105,98,94,87,80,86,92,94,94,96,99,103,112,109,117,119,122,115,119,126,129,123,127,134,138,132,137,143,156,158,154,151,148,145,142,140,156,158,160,162,170,168,165,164,162,161,161,164,156,153,153,154,145,136,129,137,139,115,107,106,114,113,105,104,105,106,98,89,80,73,66,59,57,56,57,59,81,88,96,103,111,118,127,129,138,158
166,165,147,133,136,127,121,113,111,106,99,92,85,78,81,68,52,45,38,32,26,51,60,66,55,47,45,44,37,35,42,49,53,55,68,73,81,77,74,71,70,69,69,85,85,85,87,89,92,95,102,99,97,95,93,93,93,93,85,70,71,81,88,97,99,107,112,110,118,120,122,125,128,131,135,128,139,144,129,125,120,115,110,106,102,94,99,105,112,115,121,127,136,142,148,153,148,142,140,135,128,121,115,109,104,99,93,102,107,97,91,99,93,86,81,87,77,74,35,29,24,21,21,24,29,22,20,22,15,20,27,35,42,48,49,51,54,58,63,69,74,80,86,92,87,80,74,68,60,47,40,32,16,0,8,24,42,49,56,64,79,87,95,102,110,121,125,128,121,113,110,110,95,85,71,56,48,45,63,65,64,72,80,88,96,105,104,117,117,117,119,123,105,115,119,112,108,101,94,98,105,106,105,105,107,110,119,115,122,126,129,123,127,134,138,132,137,143,148,142,148,153,165,167,162,158,154,151,148,145,160,162,165,169,176,173,170,168,165,164,162,165,157,154,156,158,147,137,131,140,142,119,112,109,117,115,107,106,105,104,96,89,82,76,72,65,61,59,57,56,75,83,91,99,106,114,124,128,137,157
168,165,147,135,138,129,124,117,113,110,103,96,89,83,85,70,56,49,43,37,33,58,66,71,62,55,53,52,45,42,49,56,59,60,73,77,86,81,77,74,71,70,69,85,85,87,89,92,95,99,106,102,99,97,95,93,93,93,85,69,70,79,86,95,97,104,110,109,117,118,120,122,125,128,131,124,135,139,124,120,115,110,106,102,99,91,95,100,107,109,115,121,131,136,142,148,142,136,133,128,121,115,109,102,97,93,86,97,101,91,86,94,88,81,77,84,74,71,29,24,21,21,24,29,35,30,28,30,22,26,32,38,45,49,48,49,51,54,58,65,69,74,80,86,80,74,68,63,54,40,32,24,8,8,0,16,35,42,49,56,71,79,87,95,102,113,117,120,114,106,102,102,88,77,64,48,40,37,55,57,56,64,72,80,88,97,96,109,109,109,111,115,98,108,112,105,101,94,87,92,98,100,100,100,103,106,115,112,119,122,126,119,123,129,134,127,132,138,143,137,142,148,160,162,158,154,151,148,145,142,158,160,162,165,173,170,168,165,164,162,161,165,157,153,154,156,146,137,129,139,140,117,109,107,115,114,106,105,104,105,97,88,81,74,69,61,59,57,56,57,78,85,93,100,108,116,125,129,137,157
171,167,150,138,144,135,132,125,121,118,112,105,100,94,94,78,66,60,55,51,47,73,79,84,76,70,69,68,61,56,64,71,73,72,83,88,97,91,86,81,77,74,71,87,89,92,95,99,104,109,115,110,106,102,99,97,95,93,85,70,69,77,85,93,93,101,109,109,117,117,117,118,120,122,125,117,128,131,115,110,106,102,99,97,95,86,89,93,98,99,104,109,120,126,133,137,131,125,121,115,109,102,97,91,85,80,74,86,91,81,77,85,81,74,71,79,70,69,21,21,24,29,35,42,49,45,44,45,37,40,44,49,54,54,51,49,48,49,51,59,61,65,69,74,68,63,58,54,45,29,16,8,8,24,16,0,24,29,35,42,56,64,71,79,87,98,102,106,100,93,88,88,75,64,49,32,24,22,40,41,40,48,56,64,72,81,80,93,93,93,96,100,83,94,98,92,87,80,74,80,86,88,89,92,96,100,109,107,115,117,119,112,115,122,126,119,123,129,134,127,132,138,151,154,151,148,145,142,140,139,154,156,158,160,168,165,164,162,161,161,160,165,157,152,153,153,145,137,128,137,137,114,106,105,113,112,104,105,106,107,99,90,81,72,65,57,56,57,59,61,85,92,99,106,113,121,129,131,139,160
194,189,172,161,167,158,155,148,144,141,135,129,122,116,117,101,89,83,77,72,67,92,100,105,96,88,85,83,73,64,72,80,78,73,79,86,94,87,80,74,68,63,58,72,76,80,86,91,97,103,108,102,97,92,87,83,79,76,69,54,51,57,65,73,72,80,89,91,99,97,96,97,98,99,102,94,104,108,92,87,83,79,76,74,73,65,66,70,75,76,81,87,97,103,109,114,108,102,99,94,87,80,74,68,63,58,52,63,68,58,54,62,59,51,49,57,48,49,8,16,24,32,40,48,56,58,60,63,56,60,66,71,77,77,74,71,70,69,69,77,77,79,81,85,77,74,71,70,61,45,21,21,29,42,35,24,0,8,16,24,40,48,56,64,72,81,84,87,79,72,69,69,54,44,32,29,24,30,44,40,35,42,49,56,64,74,71,82,84,87,92,99,83,97,102,97,91,86,81,88,93,97,101,105,111,118,126,125,133,134,135,128,130,137,140,132,135,142,145,138,142,149,163,168,165,163,161,159,158,157,173,174,175,176,184,183,182,181,181,181,181,186,178,173,173,173,165,158,149,157,157,133,125,125,133,133,125,126,128,130,122,112,102,93,85,77,77,79,81,85,108,115,122,129,137,144,152,153,162,182
197,191,174,164,170,162,159,153,148,146,140,134,128,122,122,106,94,88,83,78,74,99,107,112,103,96,93,91,81,72,80,88,86,80,86,94,101,94,87,80,74,68,63,76,80,86,91,97,103,109,114,108,102,97,92,87,83,79,72,58,54,59,67,74,73,81,90,93,100,98,97,96,97,98,99,92,102,104,88,83,79,76,74,73,72,65,65,67,71,72,76,81,92,98,105,109,103,97,93,87,80,74,68,63,57,52,46,58,64,54,51,59,57,49,48,57,49,51,16,24,32,40,48,56,64,66,68,70,63,67,72,77,83,81,77,74,71,70,69,77,77,77,79,81,74,71,70,69,60,45,21,24,35,49,42,29,8,0,8,16,32,40,48,56,64,73,76,79,73,65,61,61,47,36,24,24,21,28,40,35,29,35,42,49,56,67,64,74,76,79,85,93,77,91,97,93,86,81,77,85,88,94,98,103,110,117,125,125,133,133,134,126,128,135,137,130,132,140,142,135,138,145,160,165,163,161,159,158,157,157,173,173,174,175,183,182,181,181,181,181,182,187,179,174,173,173,165,159,150,157,157,133,125,125,133,134,126,128,130,132,125,114,104,95,85,77,79,81,85,88,113,119,126,133,140,147,155,155,164,184
200,193,177,167,174,165,164,157,153,151,145,139,133,128,128,111,100,94,89,85,81,106,114,118,110,103,100,99,89,80,88,96,94,88,94,101,108,101,94,87,80,74,68,80,86,91,97,103,109,116,120,114,108,102,97,92,87,83,76,63,58,62,70,76,74,82,92,96,103,99,98,97,96,97,98,90,99,102,85,79,76,74,73,72,73,65,64,65,68,68,72,76,87,94,101,105,98,92,87,80,74,68,63,58,52,46,40,54,61,51,49,57,56,48,49,57,51,54,24,32,40,48,56,64,72,73,75,78,70,74,78,83,88,86,81,77,74,71,70,77,77,77,77,79,71,70,69,69,61,46,24,29,42,56,49,35,16,8,0,8,24,32,40,48,56,66,69,72,66,58,54,54,40,29,16,21,21,30,37,31,24,29,35,42,49,60,56,66,69,72,78,87,71,86,93,88,81,77,74,81,85,90,96,102,109,116,125,125,133,133,133,125,126,134,135,128,130,137,140,132,135,142,157,163,161,159,158,157,157,157,173,173,173,174,182,181,181,181,181,182,183,188,180,175,174,173,166,161,151,158,157,133,125,126,134,135,128,130,132,135,128,117,107,97,87,79,81,85,88,93,117,124,130,137,144,151,158,157,166,186
203,195,180,170,178,170,169,162,157,156,150,145,139,134,133,116,105,100,96,92,88,113,121,125,117,111,108,106,97,88,96,104,101,96,101,108,115,108,101,94,87,80,74,86,91,97,103,109,116,123,127,120,114,108,102,97,92,87,80,68,63,66,73,79,76,84,94,99,106,102,99,98,97,96,97,89,98,99,83,76,74,73,72,73,74,67,65,65,66,64,68,72,83,90,97,101,94,87,81,74,68,63,58,54,47,40,36,51,58,49,48,57,57,49,51,59,54,58,32,40,48,56,64,72,80,81,83,85,78,81,85,89,94,91,86,81,77,74,71,79,77,77,77,77,70,69,69,70,63,49,29,35,49,64,56,42,24,16,8,0,16,24,32,40,48,58,61,65,60,52,47,47,34,23,8,21,24,33,36,29,21,24,29,35,42,53,49,59,61,65,72,81,66,81,88,85,77,74,71,79,81,88,94,101,108,117,125,125,133,133,133,125,125,133,134,126,128,135,137,130,132,140,155,161,159,158,157,157,157,157,173,173,173,173,181,181,181,181,182,183,184,190,182,176,175,174,168,163,153,159,158,134,126,128,135,137,130,132,135,138,131,120,110,99,89,81,85,88,93,97,122,129,135,141,148,155,162,160,169,189
210,201,187,178,187,179,179,173,168,167,162,157,152,147,145,128,118,114,110,106,103,128,135,138,131,126,124,122,113,104,112,120,117,111,116,123,130,122,115,108,101,94,87,97,103,109,116,123,129,136,140,134,127,120,114,108,102,97,91,80,74,76,82,87,83,90,101,107,114,108,104,102,99,98,97,89,96,97,81,73,72,73,74,76,79,73,69,66,65,61,62,64,76,84,92,94,87,79,72,63,58,54,51,49,41,33,32,48,57,49,51,58,61,54,58,66,63,68,48,56,64,72,80,88,96,97,99,100,93,96,99,103,107,102,97,91,86,81,77,85,81,79,77,77,69,70,71,74,68,57,42,49,64,79,71,56,40,32,24,16,0,8,16,24,32,42,47,52,49,40,34,34,26,16,8,29,35,43,40,31,24,21,21,24,29,40,35,44,47,52,60,71,58,74,81,79,71,70,69,77,77,85,92,101,110,119,126,128,135,134,133,125,125,133,133,125,125,133,134,126,128,135,151,158,157,157,157,157,158,159,175,174,173,173,181,181,182,183,184,186,188,194,186,180,178,176,171,168,157,163,161,137,130,132,140,142,135,138,142,146,139,128,117,106,95,88,93,97,102,108,133,139,145,151,157,164,170,167,176,196
214,204,190,182,192,184,184,179,173,173,168,163,158,154,152,134,125,121,117,113,111,136,142,145,139,133,132,130,121,112,120,128,125,119,123,131,137,130,122,115,108,101,94,103,109,116,123,129,136,144,147,140,134,127,120,114,108,102,97,87,80,81,87,92,87,94,105,112,118,112,108,104,102,99,98,90,97,96,81,72,73,74,76,79,83,77,72,68,65,61,61,62,74,82,90,92,84,76,68,58,54,51,49,48,40,32,33,49,57,51,54,61,65,58,63,70,68,74,56,64,72,80,88,96,104,105,106,108,100,103,106,110,114,109,102,97,91,86,81,88,85,81,79,77,70,71,74,77,73,63,49,56,71,87,79,64,48,40,32,24,8,0,8,16,24,35,40,46,45,36,29,29,24,18,16,35,42,49,44,35,29,24,21,21,24,35,29,36,40,46,55,67,55,71,79,77,70,69,69,77,77,84,93,102,111,121,128,130,137,135,134,126,125,133,133,125,125,133,133,125,126,134,150,157,157,157,157,158,159,161,176,175,174,173,181,182,183,184,186,188,190,197,189,183,180,178,174,171,160,165,163,140,132,135,142,145,138,142,146,150,144,133,121,110,99,93,97,102,108,114,139,145,150,156,162,169,174,171,180,199
218,208,194,187,197,189,190,185,179,179,174,169,165,160,158,140,132,128,124,121,118,143,149,153,146,141,139,138,129,120,128,136,133,127,131,138,145,137,130,122,115,108,101,109,116,123,129,136,144,151,154,147,140,134,127,120,114,108,103,94,87,87,92,97,92,98,109,117,123,116,112,108,104,102,99,92,98,97,81,73,74,76,79,83,87,82,76,71,67,61,61,61,73,81,89,90,82,74,64,54,51,49,48,49,41,33,36,51,59,54,58,64,69,63,68,76,74,80,64,72,80,88,96,104,112,113,114,116,108,111,113,117,121,115,109,102,97,91,86,93,88,85,81,79,71,74,77,81,77,69,56,64,79,95,87,71,56,48,40,32,16,8,0,8,16,27,34,40,42,33,26,26,26,23,24,42,49,56,49,40,35,29,24,21,21,31,24,29,34,40,51,63,53,70,77,77,69,69,70,77,77,85,94,103,113,123,130,132,140,137,135,128,126,134,133,125,125,133,133,125,125,133,149,157,157,157,158,159,161,163,178,176,175,174,182,183,184,186,188,190,193,200,192,185,183,180,177,174,163,168,165,142,135,138,145,149,142,146,150,155,149,137,126,115,104,97,102,108,114,120,145,151,156,162,168,174,179,175,184,203
222,212,199,192,202,194,196,191,185,185,180,176,171,167,165,147,138,135,131,128,126,151,156,160,154,149,147,146,137,128,136,144,141,135,138,146,152,145,137,130,122,115,108,116,123,129,136,144,151,158,161,154,147,140,134,127,120,114,109,101,94,93,98,102,97,103,114,122,128,120,116,112,108,104,102,94,99,98,83,74,76,79,83,87,92,87,80,75,70,63,61,61,72,80,88,89,81,73,62,51,49,48,49,51,44,36,40,54,62,58,63,68,74,68,74,81,80,87,72,80,88,96,104,112,120,121,122,124,116,118,121,124,128,121,115,109,102,97,91,97,93,88,85,81,74,77,81,86,83,75,64,71,87,102,95,79,64,56,48,40,24,16,8,0,8,20,29,36,41,32,24,24,29,29,32,49,56,63,54,46,42,35,29,24,21,29,21,23,29,36,47,61,52,69,77,77,69,70,71,79,77,86,96,105,116,126,132,135,142,140,137,130,128,135,134,126,125,133,133,125,125,133,149,157,157,158,159,161,163,165,180,178,176,175,183,184,186,188,190,193,196,203,196,189,185,183,180,178,167,171,168,145,138,142,149,153,146,150,155,160,154,142,131,120,109,102,108,114,120,126,152,157,162,167,173,179,184,179,188,207
227,216,203,197,207,200,202,197,191,192,187,182,178,174,171,154,145,142,139,136,133,159,164,167,161,157,155,154,145,136,144,152,149,143,146,154,160,152,145,137,130,122,115,123,129,136,144,151,158,165,169,161,154,147,140,134,127,120,116,108,101,100,105,108,102,108,119,128,133,125,120,116,112,108,104,97,102,99,85,76,79,83,87,92,97,92,86,79,73,66,63,61,73,81,89,88,80,72,61,49,48,49,51,54,47,40,46,58,66,63,68,73,80,74,80,87,87,94,80,88,96,104,112,120,128,129,130,132,124,126,128,131,135,128,121,115,109,102,97,102,97,93,88,85,77,81,86,91,88,81,71,79,95,110,102,87,72,64,56,48,32,24,16,8,0,15,26,33,41,33,26,26,34,36,40,56,64,70,60,53,49,42,35,29,24,29,21,18,26,33,45,59,53,69,77,77,70,71,74,81,79,88,98,108,119,129,135,138,145,142,140,132,130,137,135,128,126,134,133,125,125,133,149,157,158,159,161,163,165,168,183,180,178,176,184,186,188,190,193,196,199,206,199,192,189,185,183,182,171,174,171,149,142,146,153,157,150,155,160,165,159,148,136,125,114,108,114,120,126,133,158,163,168,173,179,184,189,184,193,211
241,230,217,211,221,214,216,210,204,205,200,196,191,187,185,167,158,154,151,148,145,170,176,179,173,168,165,164,154,145,153,161,157,149,151,159,164,157,149,141,133,126,118,124,131,139,146,154,161,169,171,164,156,149,142,135,128,121,117,111,103,101,104,107,100,105,117,126,131,122,116,111,106,101,97,90,94,90,77,68,73,77,83,88,94,91,83,75,67,59,55,52,63,70,78,77,69,61,49,36,37,40,44,49,43,38,45,54,61,60,67,70,78,74,81,87,88,96,89,97,105,113,121,129,137,139,140,142,135,137,140,144,147,141,135,129,122,116,111,117,112,107,103,99,92,96,100,105,102,95,83,90,105,121,113,98,81,73,66,58,42,35,27,20,15,0,12,20,31,26,20,20,35,41,50,68,76,83,74,66,62,55,49,43,38,42,35,28,36,44,56,70,66,81,89,91,83,85,88,96,93,102,112,122,133,144,149,153,160,156,154,146,143,151,149,141,139,147,146,138,137,145,161,170,171,172,174,176,179,182,197,194,192,190,197,199,202,204,207,210,213,221,213,206,203,200,197,196,185,188,185,163,156,160,167,171,165,169,174,179,173,162,151,139,128,122,128,134,140,146,172,177,182,187,193,199,203,198,207,226
251,241,227,220,230,223,224,218,213,213,208,203,198,194,192,174,165,160,156,153,149,174,181,185,178,171,169,166,157,146,154,162,157,148,149,157,162,154,146,139,131,123,115,119,127,135,142,150,158,165,168,160,152,145,137,130,122,115,112,107,99,96,99,101,94,98,109,119,124,114,108,102,97,92,87,80,83,79,67,58,63,68,74,80,87,85,76,68,58,50,45,41,51,59,66,65,57,49,37,24,26,29,34,40,36,33,41,47,53,54,61,63,72,69,76,81,84,92,92,99,107,115,123,131,139,141,143,146,139,142,145,149,154,149,142,136,131,125,120,126,121,117,113,110,102,106,110,115,111,102,88,95,110,125,117,102,84,76,69,61,47,40,34,29,26,12,0,8,20,18,16,16,32,41,54,75,81,89,83,74,69,63,57,53,49,54,46,40,48,56,68,82,78,93,101,102,95,97,99,107,104,113,123,133,144,154,160,163,171,168,165,157,155,163,161,153,151,159,158,150,149,157,173,182,183,184,186,188,190,193,208,205,203,201,209,211,213,216,218,221,224,231,224,217,214,211,208,206,196,199,196,174,167,171,178,182,175,179,184,189,182,171,160,149,137,131,136,142,148,154,179,185,190,196,201,207,213,208,217,236
258,248,234,227,237,229,230,224,218,218,213,208,203,198,197,179,169,165,160,156,153,178,185,189,181,174,171,169,159,148,156,164,158,149,149,157,161,153,145,137,129,122,114,117,125,132,140,148,156,164,165,158,150,142,135,127,119,112,109,106,98,94,96,97,90,94,105,115,119,109,103,97,91,86,80,74,76,72,60,52,57,63,69,76,83,81,72,63,53,45,39,34,44,51,59,57,49,41,29,16,18,23,29,36,33,32,40,44,49,51,59,60,69,66,74,78,82,90,94,102,109,117,125,132,140,143,146,149,142,145,149,154,158,154,148,142,136,131,126,133,128,124,120,117,110,113,117,121,117,108,93,99,113,128,120,106,87,79,72,65,52,46,40,36,33,20,8,0,15,16,18,18,33,44,58,80,86,94,89,80,74,69,64,60,56,62,54,48,56,64,76,90,86,101,109,110,102,104,107,114,112,121,131,141,151,162,168,171,178,175,173,165,163,170,168,161,159,167,166,158,157,165,181,190,191,192,194,196,198,200,216,213,211,209,217,219,221,223,226,229,232,239,231,224,221,218,215,213,203,206,203,181,174,178,185,189,182,186,190,195,189,177,166,155,144,137,142,148,153,159,185,190,196,201,207,214,219,215,224,243
258,249,235,227,236,228,227,221,216,216,210,204,199,194,193,176,165,160,155,150,146,171,179,184,175,167,163,160,150,138,146,154,147,137,136,144,149,141,133,125,117,109,101,103,111,119,127,135,143,150,152,144,136,129,121,113,105,98,96,93,85,80,82,83,76,79,90,101,105,95,89,83,77,72,67,60,63,60,47,38,43,49,55,62,68,67,58,49,39,30,25,21,33,41,49,49,41,33,23,15,9,9,15,22,20,22,30,30,34,37,45,45,55,53,61,65,69,77,86,94,101,108,116,123,131,135,138,142,135,139,144,149,154,150,145,140,135,130,126,133,129,126,123,121,113,116,119,122,117,106,88,94,107,121,114,100,79,73,66,60,49,45,42,41,41,31,20,15,0,9,17,17,26,37,54,77,83,91,88,79,73,68,65,63,61,68,60,58,66,73,85,99,93,108,116,117,109,110,111,119,118,126,135,145,155,165,171,174,181,179,177,169,168,175,174,166,165,173,173,165,164,172,188,197,197,198,199,201,202,204,220,218,216,215,223,224,226,228,230,232,235,241,234,227,224,222,218,215,205,209,207,184,177,180,187,190,183,187,191,195,188,177,166,155,144,137,141,146,151,156,182,188,194,200,206,213,218,215,224,244
250,240,226,218,227,219,219,213,207,207,201,196,191,185,185,167,157,152,147,143,138,163,171,176,167,160,156,154,143,132,140,148,142,133,133,141,145,137,129,122,114,106,98,102,109,117,125,132,140,148,150,142,135,127,119,112,104,97,94,90,82,78,81,83,76,80,92,101,106,97,91,86,80,76,72,65,69,66,52,44,47,52,57,63,69,67,58,50,42,34,30,29,40,48,56,57,49,41,32,23,18,16,18,23,18,16,24,29,36,36,44,45,54,51,59,63,66,74,79,87,94,102,109,117,125,128,131,135,128,132,136,140,145,142,136,131,126,121,117,124,120,117,114,112,104,107,110,113,108,97,80,86,99,113,106,93,72,65,58,52,40,36,33,32,33,26,18,16,9,0,8,8,18,29,46,69,74,83,79,70,64,60,56,54,53,61,53,51,59,66,78,92,84,101,109,109,101,101,102,110,109,118,127,136,146,156,163,165,173,170,168,161,159,167,166,158,157,165,165,157,157,165,181,189,189,190,191,192,194,196,211,209,208,206,214,216,217,219,221,223,226,232,225,218,216,213,209,206,196,200,198,175,168,171,178,181,174,178,182,186,179,168,157,146,135,128,133,137,142,148,173,179,185,191,197,204,210,206,215,235
243,233,219,211,220,213,213,207,201,201,196,191,185,180,179,162,152,147,143,138,135,160,167,171,163,156,154,151,141,131,139,146,141,132,133,141,146,139,131,123,115,107,99,104,112,119,127,135,142,150,152,145,137,130,122,115,108,101,97,92,84,81,85,87,80,86,97,106,111,102,97,92,87,83,79,72,76,74,60,51,54,58,63,68,74,71,63,56,48,41,38,37,48,56,64,65,57,49,39,29,26,24,26,29,23,18,26,34,42,40,47,50,58,54,61,67,69,76,76,84,92,99,107,115,123,126,128,131,124,128,132,136,140,136,131,125,120,115,110,117,113,110,107,104,97,99,102,106,101,91,75,81,95,110,102,88,69,61,54,47,34,29,26,24,26,20,16,18,17,8,0,0,16,26,40,63,69,77,73,64,57,53,49,46,45,53,45,44,51,59,70,84,76,93,101,101,93,93,95,102,101,110,119,129,138,148,155,157,165,163,161,153,151,159,158,150,149,157,157,149,149,157,173,181,181,182,183,184,186,188,203,201,200,198,206,208,209,211,213,216,218,225,217,211,208,205,202,199,189,193,190,168,160,163,171,174,167,171,175,179,173,161,150,139,128,121,126,131,136,142,167,173,179,185,191,197,203,199,208,228
243,233,219,211,220,213,213,207,201,201,196,191,185,180,179,162,152,147,143,138,135,160,167,171,163,156,154,151,141,131,139,146,141,132,133,141,146,139,131,123,115,107,99,104,112,119,127,135,142,150,152,145,137,130,122,115,108,101,97,92,84,81,85,87,80,86,97,106,111,102,97,92,87,83,79,72,76,74,60,51,54,58,63,68,74,71,63,56,48,41,38,37,48,56,64,65,57,49,39,29,26,24,26,29,23,18,26,34,42,40,47,50,58,54,61,67,69,76,76,84,92,99,107,115,123,126,128,131,124,128,132,136,140,136,131,125,120,115,110,117,113,110,107,104,97,99,102,106,101,91,75,81,95,110,102,88,69,61,54,47,34,29,26,24,26,20,16,18,17,8,0,0,16,26,40,63,69,77,73,64,57,53,49,46,45,53,45,44,51,59,70,84,76,93,101,101,93,93,95,102,101,110,119,129,138,148,155,157,165,163,161,153,151,159,158,150,149,157,157,149,149,157,173,181,181,182,183,184,186,188,203,201,200,198,206,208,209,211,213,216,218,225,217,211,208,205,202,199,189,193,190,168,160,163,171,174,167,171,175,179,173,161,150,139,128,121,126,131,136,142,167,173,179,185,191,197,203,199,208,228
235,226,212,203,211,203,202,196,191,190,184,179,173,168,167,150,139,134,129,125,121,145,154,158,149,142,139,136,126,115,123,131,125,116,118,126,131,123,115,107,99,92,84,90,97,104,112,119,127,135,137,130,122,115,108,101,94,87,83,76,69,67,71,74,68,74,86,94,100,92,87,83,79,76,74,66,73,72,57,48,49,51,54,58,63,58,52,46,42,37,37,39,51,59,66,69,61,54,47,40,34,29,26,24,16,8,12,26,34,29,34,39,46,40,47,53,54,61,61,69,76,84,92,99,107,111,113,117,110,114,118,123,128,125,120,115,110,106,102,110,107,104,102,101,93,95,97,99,94,81,63,69,81,95,88,75,54,47,40,34,26,24,26,29,34,35,32,33,26,18,16,16,0,12,29,53,57,66,65,56,49,46,45,45,46,56,49,52,58,65,76,89,78,95,102,101,93,93,93,101,101,108,117,126,135,144,151,153,161,159,158,150,149,157,157,149,149,157,157,149,150,158,174,181,181,181,181,182,183,184,200,198,198,197,205,205,206,208,209,211,213,219,212,205,203,201,197,193,183,188,186,163,155,157,165,168,160,163,167,171,164,153,142,131,120,113,117,121,126,131,156,162,169,175,181,188,194,192,201,221
224,216,201,192,200,192,191,185,180,179,173,167,162,157,156,139,128,123,118,114,110,135,143,147,138,131,128,126,116,106,114,122,117,109,111,119,125,117,109,102,94,87,79,87,94,101,108,115,122,130,133,126,119,112,105,98,92,86,80,72,65,65,70,74,69,76,87,94,100,94,90,87,84,82,81,73,80,81,65,57,56,57,59,61,65,59,54,50,49,45,47,50,61,69,76,79,72,65,59,52,46,40,36,33,26,18,16,32,41,33,36,43,47,40,46,53,52,58,51,59,66,74,82,90,98,100,103,106,99,103,107,112,117,114,109,104,99,95,92,99,97,95,93,93,85,85,87,89,83,70,51,57,70,85,77,64,44,36,29,23,16,18,23,29,36,41,41,44,37,29,26,26,12,0,18,42,46,55,55,46,38,37,37,38,42,53,46,52,57,63,73,85,73,89,97,95,87,85,85,93,93,101,108,117,126,135,142,143,151,150,149,141,141,149,149,141,141,149,150,142,143,151,167,174,173,173,173,173,174,175,191,190,189,189,197,197,198,198,200,201,203,209,202,196,194,192,187,183,173,178,176,153,145,147,155,157,150,153,156,160,153,142,131,120,110,102,106,110,115,120,145,151,157,164,170,177,183,181,190,210
206,198,183,174,182,174,174,168,162,162,156,151,145,140,139,122,112,107,103,99,96,121,128,132,124,118,116,114,105,96,104,112,109,103,108,116,122,115,108,101,94,87,80,91,97,103,109,116,123,129,134,127,120,114,108,102,97,92,86,74,68,70,77,83,79,87,97,103,110,104,102,99,98,97,96,88,97,98,81,74,73,72,73,74,76,70,66,65,65,62,64,68,79,87,94,97,90,83,76,68,63,58,54,51,44,36,33,49,57,48,49,57,59,51,54,62,58,63,40,48,56,64,72,80,88,89,91,93,85,88,92,96,100,97,91,86,81,77,74,81,79,77,77,77,69,69,70,71,65,53,35,42,56,71,64,49,32,24,16,8,8,16,24,32,40,50,54,58,54,46,40,40,29,18,0,24,29,37,37,29,21,21,24,29,35,46,42,51,54,58,66,76,62,77,85,81,74,71,70,77,79,86,93,100,109,118,125,126,134,133,133,125,125,133,133,125,126,134,135,128,130,137,153,159,158,157,157,157,157,158,174,173,173,173,181,181,181,182,183,184,186,192,184,178,176,175,169,165,155,161,159,135,128,130,137,140,132,135,138,142,135,124,113,102,92,85,88,93,97,102,128,134,140,146,153,159,165,163,172,192
183,175,160,151,159,151,151,145,139,139,134,129,124,119,117,100,90,86,83,80,78,103,108,111,105,102,101,100,93,87,95,102,102,99,107,114,121,115,109,102,97,91,86,99,104,109,114,119,125,131,136,131,125,120,115,110,106,102,95,81,77,82,90,97,95,102,112,116,123,120,118,117,117,117,117,109,118,120,103,97,95,93,93,93,93,86,85,85,86,85,87,91,102,110,117,120,113,106,99,91,86,81,77,74,67,60,56,71,79,70,69,77,77,69,70,78,71,74,35,42,49,56,64,71,79,77,76,77,69,70,73,76,79,74,68,63,58,54,51,59,57,56,57,59,51,49,48,49,42,29,16,24,40,56,48,32,29,24,21,21,29,35,42,49,56,68,75,80,77,69,63,63,53,42,24,0,8,15,17,12,8,16,24,32,40,49,48,61,61,62,65,72,55,68,74,69,63,58,54,61,65,70,75,81,89,97,104,105,113,112,113,105,106,114,115,107,109,117,119,112,115,122,137,142,140,139,137,137,136,137,153,152,153,153,161,161,160,161,161,162,164,169,162,156,154,153,147,142,132,139,137,114,106,107,115,117,109,112,115,119,112,101,90,79,69,61,65,69,74,80,105,111,117,123,129,136,142,140,149,169
180,173,157,147,155,146,145,139,134,133,128,122,117,113,111,94,84,79,76,73,70,96,101,104,98,94,93,92,85,79,87,95,95,92,100,107,115,109,102,97,91,86,81,95,99,104,109,114,119,125,131,125,120,115,110,106,102,99,92,77,74,80,87,95,93,101,110,113,121,118,117,117,117,117,118,110,120,122,105,99,97,95,93,93,93,85,85,86,88,87,91,95,106,113,120,124,117,110,104,97,91,86,81,77,70,64,60,74,81,71,70,78,77,69,69,77,70,71,29,35,42,49,56,64,71,69,68,69,61,63,65,68,73,68,63,58,54,51,49,57,56,57,59,61,54,51,49,48,41,26,8,16,32,48,40,24,24,21,21,24,35,42,49,56,64,76,81,86,83,74,69,69,57,46,29,8,0,9,20,18,16,24,32,40,48,57,56,69,69,70,73,78,62,74,80,74,68,63,58,65,69,74,78,83,89,97,105,104,112,113,114,106,107,115,117,109,112,119,122,115,119,126,140,145,142,140,139,137,137,136,152,153,153,154,162,161,161,160,161,161,162,168,160,154,153,153,146,140,131,137,137,113,105,106,114,115,107,109,112,115,108,97,87,76,66,59,61,65,69,74,100,105,112,118,125,132,138,137,146,166
171,164,148,138,146,138,137,131,125,125,119,114,109,105,103,86,76,72,69,66,65,90,94,97,92,89,88,89,82,78,85,93,94,93,102,109,117,111,105,100,95,90,86,101,104,108,113,117,122,128,134,129,124,119,115,111,108,105,98,83,80,86,94,102,101,109,118,120,128,126,125,124,125,126,127,119,129,131,114,108,105,103,102,101,100,93,93,94,97,96,100,104,115,122,129,133,126,119,113,105,100,95,90,86,79,73,68,83,90,80,78,86,85,77,76,85,77,78,33,37,43,49,56,63,70,66,65,64,56,57,59,61,65,60,54,49,45,42,41,49,49,50,52,56,49,45,42,41,32,17,9,15,30,45,37,22,30,28,30,33,43,49,56,63,70,83,89,94,91,83,77,77,66,55,37,15,9,0,18,20,22,30,37,45,53,60,61,73,73,73,74,78,61,73,77,71,66,60,54,60,66,69,72,76,82,89,97,97,105,105,106,99,100,108,111,103,106,113,117,110,114,121,135,139,136,133,132,130,129,129,145,145,146,147,155,154,153,153,153,153,154,159,151,146,145,145,137,132,122,129,129,105,97,97,105,106,99,100,103,106,99,88,78,68,58,50,52,56,60,66,91,97,103,109,116,123,129,128,137,157
171,162,147,139,149,141,142,137,131,132,127,123,119,115,112,94,87,84,82,81,80,105,107,109,106,104,105,106,99,96,103,111,112,110,120,126,134,128,122,116,111,106,101,115,119,124,129,134,139,145,150,145,140,135,130,126,122,119,111,97,94,99,106,113,111,119,129,132,140,136,135,133,133,132,133,125,133,135,118,111,110,109,108,109,110,102,101,101,101,99,101,104,116,123,131,133,126,119,111,101,97,94,90,88,80,73,70,86,94,85,84,93,93,85,86,94,88,90,49,54,60,67,74,81,88,84,82,81,73,72,73,74,76,68,62,55,49,43,38,45,42,41,41,42,35,33,33,35,29,22,26,33,47,63,55,40,44,40,37,36,40,44,49,54,60,74,83,89,88,79,73,73,65,55,37,17,20,18,0,9,17,20,26,33,40,45,47,60,58,57,57,61,44,55,60,54,49,43,38,45,49,54,59,65,72,81,89,89,97,97,97,89,89,97,99,91,93,100,103,96,99,106,121,126,124,122,121,121,121,121,137,137,137,137,145,145,145,145,146,147,149,155,147,141,139,138,132,128,118,124,122,99,91,93,100,103,96,99,103,107,100,89,78,67,56,49,54,60,66,73,98,103,108,114,119,125,131,128,136,156
180,171,156,148,157,150,150,145,139,140,135,130,126,122,119,101,94,90,88,86,85,110,113,116,111,109,108,109,102,97,104,112,113,110,118,125,133,126,120,114,108,102,97,110,115,120,125,131,136,142,148,142,136,131,126,121,117,113,106,93,88,93,100,107,104,112,122,126,133,130,128,126,125,125,125,117,125,126,110,102,101,101,101,101,102,95,93,93,93,90,92,95,107,114,122,125,117,110,102,93,88,85,81,79,71,64,62,77,85,77,77,85,85,77,79,87,81,85,46,53,60,67,74,81,89,86,85,84,76,77,78,80,83,76,69,63,57,52,47,54,51,49,48,49,41,40,41,44,38,29,26,33,49,65,57,41,40,35,31,29,31,35,40,46,53,66,74,80,79,70,64,64,56,46,29,12,18,20,9,0,8,12,18,26,33,40,41,54,53,53,55,61,44,57,63,58,52,47,44,51,54,60,66,73,81,89,97,98,106,105,104,96,97,105,106,98,99,107,109,102,104,112,127,132,131,129,129,128,129,129,145,145,144,145,153,152,153,153,154,156,158,164,156,150,148,146,141,137,127,132,131,107,99,102,109,112,104,108,112,116,109,98,87,76,65,58,63,68,74,80,106,111,116,122,128,134,140,136,145,165
187,178,163,155,164,156,156,150,145,145,140,135,130,126,124,106,97,94,90,88,86,111,116,119,113,110,109,108,101,95,102,110,110,106,114,121,128,121,115,109,102,97,91,104,109,114,119,125,131,137,142,136,131,125,120,115,110,106,99,86,81,85,93,99,97,104,114,119,126,122,120,118,117,117,117,109,117,118,102,95,93,93,93,93,95,87,85,85,85,82,85,87,99,107,114,117,110,102,95,86,81,77,74,71,64,56,54,70,77,69,69,77,77,70,71,80,74,77,42,49,56,64,71,79,87,85,84,85,77,78,80,83,86,80,74,68,63,58,54,61,59,57,56,57,49,48,49,51,45,34,24,32,48,64,56,40,35,29,24,21,24,29,35,42,49,62,69,74,73,64,57,57,49,38,21,8,16,22,17,8,0,8,16,24,32,41,40,53,53,54,58,65,49,63,69,65,58,54,51,59,61,68,73,81,89,97,105,106,114,113,112,104,105,113,114,106,107,115,117,109,112,119,135,140,139,137,137,136,137,137,153,153,152,153,161,160,161,161,162,164,165,171,164,158,156,154,149,145,135,140,139,115,107,109,117,119,112,115,119,123,116,105,94,83,72,65,69,74,80,86,111,116,122,128,134,140,146,144,153,172
191,181,167,159,169,161,162,156,150,151,146,141,137,133,130,113,104,101,98,96,94,119,123,126,121,118,117,116,109,102,110,118,118,113,121,128,135,128,121,115,109,102,97,109,114,119,125,131,137,144,149,142,136,131,125,120,115,110,104,91,86,89,96,102,99,107,117,122,129,125,122,120,118,117,117,109,117,117,101,93,93,93,93,95,97,90,87,85,85,81,82,85,97,104,112,114,107,99,91,81,77,74,71,70,62,54,53,69,77,69,70,77,79,71,74,82,77,81,49,56,64,71,79,87,95,93,92,93,85,86,88,90,94,87,80,74,68,63,58,65,61,59,57,56,48,49,51,54,49,40,32,40,56,72,64,48,42,35,29,24,21,24,29,35,42,55,63,69,68,60,53,53,46,37,21,16,24,30,20,12,8,0,8,16,24,33,32,45,45,46,51,59,43,58,65,61,54,51,49,57,59,66,73,81,89,99,106,107,115,114,113,105,104,112,113,105,106,114,115,107,109,117,132,139,137,137,136,137,137,139,154,153,153,152,160,161,161,162,164,165,168,174,166,160,158,156,151,148,137,142,140,117,109,112,119,122,115,119,123,127,120,109,98,87,76,69,74,80,86,92,117,122,128,133,139,145,151,147,156,176
195,185,171,164,174,166,168,162,156,157,153,148,144,140,137,119,111,108,105,103,102,127,131,133,129,126,125,124,117,110,118,126,125,121,128,135,142,135,128,121,115,109,102,114,119,125,131,137,144,150,155,149,142,136,131,125,120,115,109,97,91,94,100,106,102,110,120,126,133,128,125,122,120,118,117,109,117,117,100,93,93,93,95,97,99,93,89,86,85,81,81,82,95,102,110,112,104,97,87,77,74,71,70,69,61,53,53,69,77,70,71,79,81,74,77,85,81,86,56,64,71,79,87,95,102,101,100,101,93,94,96,98,101,94,87,80,74,68,63,69,65,61,59,57,49,51,54,58,54,47,40,48,64,80,72,56,49,42,35,29,21,21,24,29,35,49,57,64,65,56,49,49,45,37,24,24,32,37,26,18,16,8,0,8,16,26,24,37,37,38,44,53,38,54,61,59,51,49,48,56,57,65,73,81,91,100,107,109,117,115,114,106,105,113,112,104,105,113,114,106,107,115,131,137,137,136,137,137,139,140,156,154,153,153,161,161,162,164,165,168,170,177,169,162,160,158,154,151,140,145,142,119,112,115,122,126,119,123,127,132,125,114,103,92,80,74,80,86,92,98,124,129,134,139,145,151,156,151,160,180
199,189,175,169,179,172,174,169,162,164,159,155,151,147,144,126,119,116,113,111,110,135,138,141,136,133,133,132,125,118,126,134,133,128,135,142,149,142,135,128,121,115,109,119,125,131,137,144,150,157,161,155,149,142,136,131,125,120,114,102,97,99,105,110,106,113,124,130,137,131,128,125,122,120,118,110,117,117,101,93,93,95,97,99,102,96,92,88,86,81,81,81,93,101,109,110,102,95,85,74,71,70,69,69,61,53,54,70,78,71,74,81,85,77,81,89,86,91,64,71,79,87,95,102,110,109,108,109,101,102,103,105,108,101,94,87,80,74,68,74,69,65,61,59,51,54,58,63,60,54,48,56,72,88,80,64,56,49,42,35,24,21,21,24,29,43,53,60,63,54,46,46,45,38,29,32,40,45,33,26,24,16,8,0,8,18,16,29,29,31,37,48,35,51,59,57,49,48,49,57,56,65,73,83,93,103,109,112,119,117,115,107,106,114,113,105,104,112,113,105,106,114,129,137,136,137,137,139,140,142,158,156,154,153,161,162,164,165,168,170,173,180,172,165,162,160,156,154,144,148,145,122,115,119,126,129,123,127,132,137,131,119,108,97,86,80,86,92,98,105,130,135,140,145,150,156,161,156,165,184
204,193,180,174,184,177,180,175,169,170,166,162,158,154,151,133,126,123,121,119,118,143,146,148,144,141,141,140,133,126,134,142,141,136,142,149,156,149,142,135,128,121,115,125,131,137,144,150,157,164,168,161,155,149,142,136,131,125,119,109,102,104,110,115,110,117,128,135,141,135,131,128,125,122,120,112,118,117,102,93,95,97,99,102,106,100,95,91,87,82,81,81,93,101,109,109,101,93,82,71,70,69,69,70,62,54,56,71,80,74,77,84,88,81,86,94,91,97,71,79,87,95,102,110,118,117,116,117,109,110,111,113,116,108,101,94,87,80,74,80,74,69,65,61,54,58,63,68,66,61,56,64,80,96,88,72,64,56,49,42,29,24,21,21,24,38,49,56,61,53,45,45,46,42,35,40,48,53,40,33,32,24,16,8,0,12,8,21,21,24,32,43,33,49,57,56,48,49,51,59,57,66,75,85,96,106,112,115,122,119,117,109,107,115,114,106,105,113,112,104,105,113,129,136,137,137,139,140,142,145,160,158,156,154,162,164,165,168,170,173,176,183,176,169,165,162,160,158,147,151,148,126,119,123,129,134,127,132,137,142,136,125,114,102,91,86,92,98,105,112,137,141,146,151,156,162,166,160,169,188
202,190,178,173,185,178,181,177,170,173,169,165,162,159,154,137,131,129,127,126,125,149,152,154,150,149,148,149,141,135,143,151,150,146,153,160,167,160,153,146,139,133,126,136,142,149,155,161,168,175,179,173,166,160,154,148,142,136,131,120,114,115,121,126,121,128,139,146,153,146,142,138,135,132,130,122,128,126,111,102,104,107,110,113,117,111,106,102,97,91,90,89,101,109,117,117,109,101,89,77,77,77,77,79,71,64,67,81,90,85,88,94,99,93,97,105,102,108,81,89,97,104,112,120,128,126,125,124,116,117,118,119,121,112,104,97,90,83,76,80,74,68,63,58,52,57,63,69,68,66,65,73,89,105,97,81,74,67,60,53,40,35,31,29,29,42,54,62,68,61,53,53,56,53,46,49,57,60,45,40,41,33,26,18,12,0,8,17,13,13,20,33,25,40,48,49,41,44,47,54,51,60,70,81,92,103,108,112,119,115,112,104,102,109,107,99,98,106,105,97,96,104,120,129,129,131,132,135,137,140,155,152,150,148,156,158,160,162,165,169,172,180,173,165,161,158,156,156,145,147,144,123,116,120,127,132,125,131,136,142,137,125,114,103,92,87,94,101,108,115,140,144,148,153,157,162,166,159,168,186
209,197,185,179,190,183,186,181,175,177,173,169,165,162,158,140,133,131,129,127,126,150,154,156,152,149,149,148,141,134,142,150,148,143,149,156,163,156,149,142,135,128,121,131,137,144,150,157,164,171,175,168,161,155,149,142,136,131,125,115,109,109,115,120,115,121,133,140,146,139,135,131,128,125,122,114,120,118,103,95,97,99,102,106,110,105,99,94,90,83,82,81,93,101,109,109,101,93,81,70,69,69,70,71,64,56,60,74,82,77,81,87,93,86,91,99,97,102,79,87,95,102,110,118,126,125,124,125,117,118,119,121,123,115,108,101,94,87,80,86,80,74,69,65,58,63,68,74,73,69,64,72,88,104,96,80,71,64,56,49,35,29,24,21,21,35,46,54,60,53,45,45,49,46,42,48,56,61,47,41,40,32,24,16,8,8,0,13,13,17,27,40,33,48,56,57,49,51,54,61,59,68,78,88,99,110,115,119,126,122,119,112,109,117,115,107,106,114,113,105,104,112,128,137,137,139,140,142,145,148,162,160,158,156,164,165,168,170,173,176,179,187,180,172,169,165,163,162,151,154,151,129,123,127,134,138,132,137,142,148,142,131,119,108,97,92,98,105,112,119,144,148,153,157,162,168,172,165,174,193
219,207,195,190,201,195,198,194,187,189,185,181,178,174,170,153,146,143,141,139,138,163,166,169,164,162,161,161,153,145,153,161,159,154,159,166,173,165,158,151,144,136,129,138,145,151,158,165,172,179,183,176,169,162,156,149,143,137,132,123,116,116,121,125,119,125,137,145,151,143,138,134,129,126,122,115,119,117,103,94,97,101,105,109,114,109,103,97,91,84,81,79,90,98,106,105,97,89,77,64,65,66,69,72,65,58,63,76,84,80,86,90,97,91,97,104,103,109,90,98,106,114,122,129,137,137,137,137,129,130,132,133,136,128,120,113,106,99,93,97,91,85,80,75,69,74,80,86,85,81,77,85,101,117,109,93,82,74,66,59,44,36,29,23,18,28,40,48,58,51,44,44,52,52,51,61,69,73,60,54,53,45,37,29,21,17,13,0,8,16,28,42,40,54,62,64,56,60,64,70,67,76,86,97,108,119,124,128,135,131,128,120,117,125,122,114,112,120,118,110,109,117,133,142,143,145,147,150,153,156,171,168,165,163,170,173,175,178,181,185,189,196,189,182,178,174,173,173,161,164,160,139,133,137,144,149,142,148,153,159,154,142,131,120,109,104,110,117,124,131,156,160,165,169,174,179,183,176,185,203
213,200,189,184,196,190,194,189,182,185,181,178,174,171,167,149,143,141,139,138,137,162,164,166,163,161,161,161,153,146,154,162,161,156,162,169,176,169,161,154,147,140,134,143,149,156,162,169,176,183,187,180,174,167,160,154,148,142,137,127,120,121,126,131,125,132,143,151,157,149,145,140,136,133,130,122,127,125,111,102,104,108,112,116,120,115,109,104,98,91,88,86,98,106,114,113,105,97,85,72,73,74,76,79,72,65,69,83,91,87,92,97,103,97,102,109,108,114,92,99,107,115,123,131,139,137,137,137,129,129,130,132,133,125,117,110,102,95,88,93,86,80,74,69,63,69,75,81,81,79,77,85,101,117,109,93,84,76,69,61,47,40,34,29,26,36,48,56,66,59,51,51,58,57,54,61,69,73,58,53,53,45,37,29,21,13,13,8,0,8,20,34,33,46,54,56,49,53,57,64,60,68,79,90,101,113,117,121,128,124,120,113,110,117,114,107,104,112,110,102,101,109,125,134,135,137,140,142,145,149,163,160,157,155,163,165,168,171,174,178,182,189,182,175,171,167,166,166,155,157,153,133,126,131,137,142,136,142,148,154,149,137,126,115,104,99,106,113,120,128,153,156,160,165,169,174,178,170,179,197
207,194,183,179,191,185,189,185,178,181,178,174,171,169,164,146,141,139,138,137,137,161,163,164,162,161,161,161,154,148,156,164,163,159,165,172,179,172,165,158,151,145,138,148,154,160,167,174,180,187,191,185,178,172,165,159,153,148,142,132,125,126,132,137,132,138,149,157,163,156,151,147,144,140,137,130,135,132,118,109,112,115,119,123,127,122,116,111,105,99,96,94,106,114,122,121,113,105,93,80,81,82,84,87,79,72,76,90,98,94,98,104,109,103,108,115,114,119,94,102,109,117,125,132,140,138,137,137,129,129,129,130,132,122,114,107,99,92,85,88,81,75,69,63,57,64,70,77,78,77,77,85,101,117,109,93,87,79,72,65,52,46,40,36,33,44,56,64,73,66,59,59,65,63,58,62,70,73,57,53,54,46,38,31,24,13,17,16,8,0,12,26,26,38,46,49,42,46,51,57,53,62,73,84,95,106,110,115,121,117,113,106,102,110,107,99,97,104,102,95,93,101,117,126,128,130,132,135,138,142,156,153,150,147,155,157,160,163,167,171,175,182,176,168,164,160,159,160,149,150,146,126,120,125,131,136,131,136,142,149,144,133,121,110,99,95,102,110,117,125,149,153,156,160,165,169,172,165,173,191
198,185,174,171,184,178,183,179,172,176,173,170,168,165,160,142,139,137,137,136,137,160,161,162,161,161,161,162,156,151,159,166,167,163,171,178,185,178,171,165,158,152,145,156,162,168,174,180,187,194,198,192,185,179,173,167,162,156,150,139,133,135,141,146,141,148,159,166,173,166,162,158,154,151,148,141,146,144,130,121,123,126,129,133,137,131,126,121,116,110,108,106,118,126,133,133,125,117,105,92,93,94,96,98,90,83,86,101,109,104,108,114,119,113,117,125,122,128,99,106,113,121,128,136,143,140,139,137,129,129,128,129,129,119,111,103,96,88,80,83,76,68,62,55,51,58,65,73,74,76,80,88,103,119,111,96,92,85,78,72,60,55,51,47,45,56,68,76,85,78,70,70,76,73,66,65,73,74,57,55,58,51,44,37,32,20,27,28,20,12,0,14,18,27,35,38,32,37,44,49,43,52,63,74,86,97,100,105,112,107,103,96,92,99,96,88,85,93,91,83,81,89,105,114,116,118,121,124,128,132,145,142,139,136,143,146,149,153,156,160,165,173,166,158,154,149,149,151,139,140,136,117,111,116,122,128,122,129,135,141,137,126,115,104,94,90,98,105,113,121,145,148,151,154,158,162,165,156,165,182
189,174,165,163,176,171,177,174,166,171,168,166,164,163,156,139,137,137,137,137,138,161,161,161,161,162,163,165,159,156,163,171,172,170,178,185,192,186,179,173,167,161,155,166,172,177,183,189,195,202,207,201,194,189,183,177,172,167,161,149,144,146,152,157,153,160,171,177,184,178,174,170,167,164,162,154,160,158,143,134,137,139,142,145,149,143,138,134,130,123,121,120,131,139,147,147,139,131,119,106,107,108,109,111,104,96,99,114,122,117,120,127,131,124,129,136,133,138,106,113,120,127,134,141,148,144,142,140,132,130,129,129,129,117,109,101,93,85,77,79,71,63,56,48,46,53,61,69,73,78,85,93,107,123,115,100,99,93,87,81,71,67,63,61,59,70,82,90,99,92,84,84,89,85,76,72,78,78,61,61,65,59,53,48,43,33,40,42,34,26,14,0,18,16,22,27,23,30,38,41,34,42,53,64,76,87,90,95,101,96,91,85,80,87,83,76,72,80,77,69,68,75,91,101,102,105,108,111,115,120,133,129,126,123,130,133,136,140,144,149,153,161,155,147,142,138,138,141,129,130,125,107,101,107,112,119,114,120,127,134,130,120,109,99,88,86,94,102,110,118,141,143,145,148,152,155,157,147,155,172
182,169,158,154,166,160,165,161,154,158,155,152,150,148,142,125,122,121,120,121,122,145,145,145,144,145,146,148,142,139,146,154,155,153,161,168,176,169,163,157,151,145,139,151,156,162,167,173,179,185,191,185,179,173,168,162,157,153,146,134,129,131,138,144,140,147,158,164,171,165,162,159,156,154,152,144,150,149,134,126,127,129,131,133,137,130,126,123,119,114,113,113,124,132,140,141,133,125,113,102,101,100,101,102,94,86,88,103,112,105,108,115,119,111,115,123,119,124,89,96,103,110,117,124,131,127,125,123,115,114,113,112,113,102,94,86,78,70,63,65,58,51,44,37,33,40,47,55,57,61,68,76,90,105,98,83,83,77,71,66,58,55,53,52,53,66,78,86,93,84,76,76,78,73,62,55,62,61,44,44,49,43,38,35,33,25,33,40,33,26,18,18,0,17,25,25,17,20,26,32,27,36,47,58,69,80,85,89,96,92,88,81,78,85,83,75,73,81,81,73,73,81,97,105,105,106,108,111,113,117,131,128,126,124,132,133,136,139,142,145,149,157,150,143,138,135,134,134,123,125,121,100,94,100,105,111,105,111,117,124,119,108,97,86,76,73,80,88,96,103,127,130,133,136,140,145,147,139,148,165
173,159,149,147,160,155,162,159,151,156,154,152,150,149,143,126,124,125,126,127,129,150,149,148,149,152,154,156,151,149,156,163,166,165,174,180,189,182,176,170,165,159,154,166,171,176,182,187,193,199,204,198,193,188,182,177,173,168,161,149,144,147,154,160,156,163,174,180,187,181,178,175,173,170,168,161,167,166,150,142,143,145,147,150,153,146,142,139,136,130,129,129,141,149,157,157,149,141,129,117,117,117,117,118,110,102,104,120,128,122,125,131,135,128,131,139,135,139,102,109,115,121,128,135,142,137,133,131,123,121,119,118,117,104,96,88,80,72,64,65,57,49,41,33,32,40,48,56,61,69,80,87,101,115,108,94,97,91,86,81,74,71,70,69,69,81,93,101,108,101,93,93,95,89,77,68,74,73,55,57,63,58,54,51,49,40,48,54,46,38,27,16,17,0,8,12,8,16,24,26,18,26,37,49,60,71,74,80,86,80,76,69,65,72,69,61,59,66,65,57,56,64,80,89,90,92,94,97,101,105,119,115,112,109,117,119,122,126,129,134,138,146,140,132,127,123,123,125,114,114,109,91,86,92,97,103,98,105,112,119,115,104,94,84,74,73,81,89,97,105,127,129,131,133,137,140,141,132,140,156
168,153,144,143,156,152,159,156,148,154,152,150,149,149,141,125,125,126,127,129,131,152,149,149,150,154,156,159,154,153,160,167,170,169,179,185,194,188,182,176,170,165,160,173,177,182,188,193,198,204,210,204,199,194,189,184,179,175,168,155,150,154,161,167,163,171,181,187,194,189,185,183,180,178,176,168,175,174,158,150,151,153,155,157,160,154,150,147,144,138,137,137,149,157,165,165,157,149,137,125,125,125,125,126,118,110,112,128,136,130,132,139,142,135,138,146,142,146,108,114,120,126,133,139,146,140,137,133,126,123,121,119,118,105,97,89,81,73,65,64,56,48,40,32,33,41,49,57,63,72,86,92,105,119,112,98,102,97,93,88,81,79,77,77,77,89,101,109,116,109,101,101,102,97,85,74,80,77,60,63,69,65,61,59,57,48,56,62,54,46,35,22,25,8,0,8,12,18,26,24,16,22,33,44,55,66,68,74,80,74,69,63,58,65,61,54,51,59,57,49,48,56,72,81,82,84,87,90,94,98,112,108,104,102,109,112,115,119,123,127,132,140,134,125,120,116,117,119,108,108,103,86,80,87,92,98,94,101,108,115,112,102,92,82,73,72,80,88,96,104,126,127,129,131,133,137,137,127,135,151
162,148,138,136,149,145,151,148,141,146,144,143,141,141,133,117,117,118,119,121,123,144,141,141,143,146,148,151,147,146,153,160,164,163,173,179,188,182,176,170,165,160,155,168,173,177,182,188,193,198,204,199,194,189,184,179,175,171,164,150,146,150,157,163,160,168,178,183,190,185,183,180,178,176,175,167,174,173,157,149,150,151,153,155,157,151,147,145,142,137,137,137,149,157,165,165,157,149,138,126,125,125,125,125,117,109,110,126,134,128,130,137,140,132,135,143,138,142,102,108,114,120,126,133,139,133,129,126,119,116,113,111,110,97,89,81,73,65,57,56,48,40,32,24,26,33,41,49,55,65,80,86,98,112,105,92,97,93,88,85,79,77,77,77,77,91,102,110,117,109,101,101,101,95,81,69,74,71,54,58,65,61,59,57,56,49,57,64,56,49,38,27,25,12,8,0,8,12,18,16,8,15,26,37,49,60,63,68,74,69,65,58,54,61,59,51,49,57,56,48,49,57,73,80,81,82,84,87,90,94,108,104,102,99,107,109,112,115,119,123,127,135,129,120,116,112,112,114,102,103,98,80,74,80,86,92,87,94,101,108,104,94,84,74,65,64,72,80,88,96,118,119,121,123,126,129,130,120,129,145
167,154,143,140,154,148,154,151,144,148,146,144,143,141,135,118,116,117,118,119,121,143,141,140,141,144,146,148,144,142,149,156,159,158,168,174,182,176,170,165,159,154,149,161,166,171,176,182,187,193,198,193,188,182,177,173,168,164,157,144,139,143,150,156,153,160,171,176,183,178,175,173,170,168,167,159,166,165,149,141,142,143,145,147,150,143,140,137,134,129,129,129,141,149,157,157,149,141,130,118,117,117,117,117,109,101,102,118,126,120,122,129,132,125,128,136,131,135,97,102,109,115,121,128,135,129,126,123,116,113,111,110,109,96,88,80,72,64,56,57,49,41,33,26,24,32,40,48,53,61,74,80,94,108,101,87,91,86,81,77,71,70,69,69,70,83,95,102,109,101,93,93,93,87,74,63,68,66,49,52,58,54,51,49,48,41,49,56,49,42,32,23,17,8,12,8,0,8,16,18,12,20,32,43,54,66,69,74,80,76,72,65,61,69,66,59,57,65,64,56,57,65,81,88,89,90,92,94,97,101,115,112,109,107,115,117,119,122,126,129,134,141,135,127,123,119,118,119,108,109,105,86,80,86,91,97,92,98,105,112,108,97,87,76,66,65,73,81,89,97,119,121,123,126,129,133,135,125,134,150
162,149,138,134,147,141,147,144,137,141,138,136,135,133,127,110,108,109,110,111,113,135,133,132,133,136,138,141,137,135,142,149,153,152,162,168,176,170,165,159,154,149,144,157,161,166,171,176,182,187,193,188,182,177,173,168,164,160,153,139,135,139,146,153,150,157,168,172,180,175,173,170,168,167,166,158,165,165,149,141,141,142,143,145,147,140,137,135,133,129,129,129,141,149,157,158,150,142,131,120,118,117,117,117,109,101,101,117,125,118,120,127,130,122,125,133,128,131,91,97,102,109,115,121,128,122,119,116,108,105,103,102,101,88,80,72,64,56,48,49,41,33,26,18,16,24,32,40,45,54,68,74,87,101,94,80,86,81,77,74,70,69,69,70,71,85,97,104,110,101,93,93,93,85,71,58,63,60,43,47,54,51,49,48,49,44,51,60,53,46,37,30,20,16,18,12,8,0,8,12,8,17,27,38,49,60,65,69,76,72,69,61,59,66,65,57,56,64,65,57,59,66,82,89,88,89,90,92,94,97,112,109,107,106,114,115,117,119,122,126,129,137,130,123,119,115,114,114,103,105,101,80,74,80,86,91,86,92,98,105,101,90,79,69,59,57,65,73,81,89,111,113,116,119,122,126,128,119,128,145
156,144,132,128,140,135,140,137,129,133,131,129,127,126,119,102,100,101,102,103,105,127,125,124,126,129,131,133,129,128,135,142,146,145,156,162,170,165,159,154,149,144,139,153,157,161,166,171,176,182,188,182,177,173,168,164,160,156,149,135,131,136,143,150,147,155,165,169,177,173,170,168,167,166,165,157,165,165,148,141,141,141,142,143,145,138,135,134,133,129,129,130,142,150,158,159,151,143,133,122,120,118,117,117,109,101,101,117,125,117,118,126,128,120,122,130,125,128,86,91,97,102,109,115,121,115,111,108,101,98,96,94,93,80,72,64,56,48,40,41,33,26,18,12,8,16,24,32,37,47,63,68,80,94,87,74,81,77,74,71,69,69,70,71,74,88,99,107,111,102,95,95,93,85,70,54,58,54,38,44,51,49,48,49,51,47,54,64,57,51,44,38,26,24,26,18,16,8,0,8,12,17,25,35,45,56,61,65,72,69,66,59,57,65,64,56,57,65,66,59,61,69,84,90,89,88,89,90,92,94,109,107,106,105,113,114,115,117,119,122,126,133,126,119,115,112,110,109,98,101,97,76,69,74,80,86,80,86,92,98,94,83,72,61,51,49,57,65,73,81,103,105,108,111,115,119,122,114,122,140
150,137,126,123,136,130,137,133,126,131,129,127,126,125,118,101,101,102,103,105,108,129,126,125,127,131,133,137,133,133,139,146,150,151,162,167,176,170,165,160,155,150,146,160,164,168,173,177,182,188,194,189,184,179,175,171,167,163,156,142,138,143,151,157,155,163,173,177,184,180,178,176,175,174,173,165,173,173,156,149,149,149,150,151,153,146,143,142,141,137,137,138,150,158,166,167,159,151,141,130,128,126,125,125,117,109,109,125,133,125,126,134,135,128,130,138,132,135,93,97,102,108,114,120,126,119,115,111,104,101,98,96,94,81,73,65,57,49,41,40,32,24,16,8,12,18,26,33,40,52,69,74,86,98,92,80,88,85,81,79,77,77,77,79,81,96,107,114,119,110,102,102,101,93,77,61,65,60,45,51,59,57,56,57,59,54,61,70,64,57,49,41,32,26,24,16,18,12,8,0,8,9,17,27,38,49,54,58,65,61,59,51,49,57,56,48,49,57,59,51,54,61,76,82,81,80,81,82,84,87,102,99,98,97,105,106,107,109,112,115,119,126,119,112,108,104,103,103,92,94,90,69,63,68,74,80,74,80,87,94,90,79,69,59,49,48,56,64,72,80,102,103,105,108,111,115,117,108,116,134
156,142,132,129,143,137,144,141,133,138,136,135,133,133,126,109,109,110,111,113,116,136,133,133,135,138,141,144,140,139,146,153,157,157,167,173,182,176,170,165,160,155,150,164,168,173,177,182,188,193,199,194,189,184,179,175,171,167,160,146,142,146,154,160,157,165,175,180,187,183,180,178,176,175,174,166,173,173,157,149,149,150,151,153,155,148,145,143,141,137,137,137,149,157,165,166,158,150,139,128,126,125,125,125,117,109,109,125,133,126,128,135,137,130,132,140,135,138,97,102,108,114,120,126,133,126,122,119,111,108,105,103,102,89,81,73,65,57,49,48,40,32,24,16,18,26,33,41,47,58,74,80,92,105,98,86,93,88,85,81,77,77,77,77,79,93,104,112,118,109,101,101,101,93,79,65,69,66,49,54,61,59,57,56,57,51,59,67,60,53,43,34,27,18,16,8,12,8,12,8,0,9,20,32,43,54,58,63,69,65,61,54,51,59,57,49,48,56,57,49,51,59,74,81,80,81,82,84,87,90,104,102,99,98,106,107,109,112,115,119,123,130,124,116,112,108,107,108,97,98,94,74,68,74,80,86,80,87,94,101,97,87,76,66,57,56,64,72,80,88,110,111,113,116,119,122,124,114,122,139
148,134,124,121,135,130,137,135,127,132,131,129,129,128,121,104,106,107,109,112,115,135,131,129,132,137,140,144,140,140,147,154,159,159,170,176,184,179,174,169,164,159,155,169,173,177,181,186,191,196,202,197,193,188,184,180,176,172,165,151,147,152,159,166,164,171,181,185,193,189,187,185,183,182,181,173,181,180,165,156,157,157,158,160,162,154,152,150,149,145,145,145,157,165,173,174,166,158,148,136,135,133,133,132,124,116,117,133,141,133,135,142,144,136,138,147,141,144,101,106,111,116,122,128,134,127,123,119,112,108,104,102,99,86,78,70,63,55,47,45,37,30,22,15,20,26,33,40,47,60,78,83,94,106,100,88,97,94,90,88,85,84,85,86,88,102,113,121,126,118,110,110,108,101,86,70,74,69,54,60,68,66,65,65,66,60,68,76,68,62,52,42,36,26,22,15,20,17,17,9,9,0,12,23,34,46,49,54,60,56,52,45,42,50,49,41,41,49,50,42,45,52,68,73,73,73,73,75,78,81,96,93,91,89,97,99,100,103,106,110,114,121,115,107,103,99,98,100,88,89,85,66,60,66,71,77,73,79,86,94,90,80,70,61,52,53,61,69,77,85,105,106,107,109,112,115,116,106,114,131
136,122,112,110,124,120,127,125,117,123,122,121,120,121,112,97,99,102,104,108,112,130,125,123,127,133,136,140,138,139,145,152,158,159,171,176,185,180,175,170,166,162,158,172,176,180,184,188,193,197,204,199,195,191,187,183,180,177,169,154,151,157,164,171,169,177,187,190,198,195,193,191,190,189,189,181,188,189,173,165,164,165,165,166,168,160,158,157,157,153,153,154,166,174,182,183,175,168,157,146,144,143,141,141,133,125,124,140,149,141,141,149,150,143,144,152,146,148,104,108,113,117,122,128,133,125,120,116,109,105,101,97,94,80,73,65,58,51,44,40,33,26,20,17,25,27,32,37,46,60,81,85,94,105,100,89,101,98,96,94,92,93,94,96,98,112,123,131,135,127,119,119,117,108,93,75,78,72,59,66,73,73,73,73,75,70,78,86,79,73,63,53,47,37,33,26,32,27,25,17,20,12,0,12,23,34,38,43,49,45,42,35,33,41,41,33,35,42,45,38,43,49,63,68,66,65,65,66,68,70,85,83,81,81,89,89,91,93,96,99,103,110,104,96,92,88,87,88,77,78,74,54,49,55,60,66,62,68,76,83,80,70,61,52,45,47,55,63,70,78,96,97,98,99,102,104,105,95,103,119
125,111,101,99,113,109,117,115,107,114,113,112,113,114,105,90,94,97,101,105,109,126,119,117,122,129,134,138,137,139,145,151,158,160,173,177,186,181,177,173,169,165,162,177,180,183,187,191,195,199,206,201,197,194,190,187,184,181,174,159,156,162,170,177,175,183,193,196,203,201,199,198,197,197,196,188,197,197,181,173,173,172,173,173,174,167,165,165,165,161,162,163,175,183,191,193,185,177,167,156,154,152,150,149,141,133,133,149,157,148,149,157,157,149,150,159,152,154,108,111,115,119,124,129,134,125,119,114,108,103,98,94,90,76,68,62,55,49,43,37,32,27,25,25,33,33,35,38,47,63,85,88,96,105,100,92,105,103,102,101,101,102,103,105,108,122,133,141,145,136,129,129,126,117,100,81,83,76,65,73,81,81,81,83,85,81,88,97,90,84,74,64,58,49,44,37,43,38,35,27,32,23,12,0,12,23,27,32,38,35,33,25,25,33,35,27,32,38,43,37,44,49,60,63,60,58,57,57,58,60,75,73,73,73,81,81,81,83,85,88,92,99,93,85,81,78,76,77,66,67,63,43,37,44,49,55,51,58,65,73,70,61,52,45,40,44,51,58,65,73,89,88,89,90,92,94,94,84,92,108
114,100,90,88,102,99,107,106,98,105,104,105,106,107,98,84,90,94,98,103,108,123,115,112,119,127,132,137,136,140,145,150,158,161,175,179,188,184,180,176,172,169,166,181,184,187,190,194,197,201,208,204,201,197,194,192,189,187,179,164,162,168,176,183,182,190,199,201,209,207,206,205,205,204,205,197,205,206,190,182,181,181,180,181,181,173,173,173,173,170,171,173,185,193,201,202,195,187,177,166,164,162,160,158,150,143,141,157,165,157,156,165,165,157,157,165,158,160,113,116,119,122,126,130,135,125,119,114,108,102,97,92,87,73,66,60,54,49,45,38,35,33,33,35,42,41,41,42,51,68,91,93,99,107,103,96,111,110,109,108,110,111,113,116,119,133,144,151,155,146,138,138,135,126,109,89,89,82,72,81,89,89,91,93,96,92,99,108,101,95,86,76,69,60,55,49,54,49,45,38,43,34,23,12,0,12,17,20,27,25,25,17,20,27,32,26,33,37,44,40,47,51,60,60,56,52,50,49,49,50,66,65,65,66,73,73,73,73,75,78,81,88,81,74,70,68,65,66,54,56,52,32,26,33,37,44,40,47,55,63,61,52,45,40,37,43,49,55,62,68,82,81,80,81,82,84,84,73,80,97
102,89,79,77,92,88,98,97,89,96,97,98,99,102,92,79,87,92,97,102,108,120,112,108,116,125,131,136,137,141,146,151,160,164,178,182,191,187,183,180,177,174,171,187,189,192,194,197,201,204,212,208,205,202,199,197,195,193,185,169,168,174,182,190,189,197,206,208,216,214,213,213,212,213,213,205,214,215,198,191,190,189,189,188,189,181,180,181,182,179,181,182,195,202,210,212,204,197,187,177,174,171,169,168,160,152,150,166,174,165,165,173,172,164,165,173,165,166,119,121,123,126,129,133,137,127,120,114,109,103,97,91,86,71,66,60,56,52,50,42,41,41,42,45,52,50,49,49,57,73,97,99,103,110,106,100,118,117,116,117,119,121,123,126,129,144,154,162,165,156,148,148,144,135,118,97,97,89,81,89,97,99,100,103,106,103,110,119,113,106,97,87,80,71,66,60,66,60,56,49,54,46,34,23,12,0,9,9,17,17,20,15,22,26,33,30,37,40,47,45,53,55,62,60,54,49,45,42,41,41,57,57,58,60,68,66,65,65,66,68,70,77,70,63,60,58,54,54,43,45,42,20,15,22,26,33,30,37,45,53,52,45,40,37,38,45,49,54,60,66,76,74,73,72,73,74,73,62,69,85
100,85,77,78,93,90,101,100,92,101,102,103,105,108,98,86,95,100,105,111,117,129,119,115,124,134,139,145,145,150,155,160,169,173,187,191,199,196,192,189,185,183,180,196,198,200,203,206,210,213,221,217,214,211,208,205,203,201,194,178,176,183,191,198,198,205,214,216,224,222,221,221,221,221,221,213,221,222,206,198,198,197,197,197,197,189,189,189,189,186,188,189,201,209,217,219,211,203,193,183,180,178,176,175,167,159,158,174,181,173,173,181,181,173,173,181,174,175,128,130,132,135,138,142,146,136,129,123,118,112,105,100,94,80,74,69,65,61,59,51,49,48,49,51,59,57,56,57,66,82,106,107,112,119,115,109,126,125,125,125,126,128,130,132,135,149,160,168,171,163,155,155,151,142,125,104,105,97,89,97,105,106,107,109,112,108,115,124,117,110,100,90,85,74,68,63,69,65,61,54,58,49,38,27,17,9,0,8,12,8,12,8,16,18,26,24,32,33,41,40,48,49,54,52,46,40,36,33,32,33,49,48,49,51,59,57,56,57,59,61,65,73,66,58,54,51,49,52,40,40,36,18,16,24,26,33,32,40,48,56,57,51,47,46,47,54,58,63,68,74,83,80,78,77,76,77,75,61,68,83
94,80,70,70,85,82,93,92,84,93,94,96,98,101,90,79,89,94,100,105,112,122,113,108,117,128,133,139,140,146,150,155,164,169,183,187,196,192,189,185,183,180,178,194,196,198,200,203,206,210,217,214,211,208,205,203,201,200,192,176,175,182,190,198,197,205,213,215,223,221,221,221,221,221,221,213,222,223,207,200,198,198,197,197,197,189,189,189,190,188,189,191,203,211,219,221,213,205,196,185,183,180,178,176,168,161,159,175,182,174,173,181,181,173,173,181,173,174,126,128,130,132,135,138,142,132,125,118,114,107,100,94,88,74,69,65,61,59,57,49,48,49,51,54,61,59,57,56,65,81,105,106,109,115,112,107,125,125,125,125,128,130,132,135,138,153,163,171,174,165,157,157,153,143,126,105,104,97,89,98,106,107,109,112,115,112,119,128,121,115,105,95,89,80,74,68,74,69,65,58,63,54,43,32,20,9,8,0,8,12,18,16,24,26,33,32,40,41,49,48,56,57,61,58,52,46,40,36,33,32,48,49,51,54,61,59,57,56,57,59,61,68,62,54,51,49,45,46,34,36,33,12,8,16,18,26,24,32,40,48,49,44,40,40,44,51,54,58,63,68,76,73,70,69,68,69,67,54,62,77
89,74,66,68,83,81,92,93,85,94,96,98,101,104,94,84,94,100,105,112,118,128,117,113,122,133,139,145,147,153,157,161,171,176,190,194,203,199,196,193,190,188,186,201,203,205,208,211,214,217,224,221,218,216,213,211,209,208,200,184,183,190,198,205,205,213,221,223,231,229,229,229,229,229,229,221,230,231,215,208,206,205,205,205,205,197,197,197,198,195,197,199,211,219,227,229,221,213,204,193,190,188,186,184,176,168,167,183,190,182,181,189,189,181,181,189,181,182,134,135,137,140,142,145,149,138,132,125,121,114,107,100,94,80,76,72,69,66,65,57,56,57,59,61,69,66,65,64,73,89,113,114,117,122,119,115,133,133,133,133,135,137,140,142,145,160,171,178,181,173,165,165,161,151,134,113,112,105,97,106,114,115,117,119,122,119,126,135,128,121,112,101,96,86,80,74,80,76,72,65,69,60,49,38,27,17,12,8,0,8,16,18,26,24,32,33,41,40,48,49,57,56,59,54,47,40,34,29,26,24,40,41,44,47,54,51,49,48,49,51,54,62,55,47,44,41,38,40,29,29,26,8,12,18,16,24,26,33,41,49,51,47,46,47,51,59,61,65,69,74,79,76,73,70,69,68,65,51,58,72
96,80,73,75,91,89,100,101,93,102,103,105,108,111,101,90,100,105,111,117,123,134,124,119,129,139,145,151,152,157,161,166,175,180,194,197,206,203,199,196,193,190,188,203,205,208,211,214,217,221,228,224,221,218,216,213,211,209,201,186,184,191,199,206,205,213,222,224,232,230,229,229,229,229,229,221,229,230,214,206,205,205,205,205,205,197,197,197,197,194,195,197,209,217,225,227,219,211,201,190,188,186,184,183,175,167,166,182,189,181,181,189,189,181,181,189,182,183,135,137,140,142,145,149,153,143,136,129,125,118,112,105,100,86,80,76,72,69,66,59,57,56,57,59,66,65,64,65,73,90,114,115,119,126,122,117,134,133,133,133,134,135,137,140,142,156,168,175,179,170,163,163,159,150,133,112,113,105,97,105,113,114,115,117,119,115,122,131,124,117,107,96,92,80,74,69,76,72,69,61,65,56,45,35,25,17,8,12,8,0,8,12,18,16,24,26,33,32,40,41,49,48,51,47,40,34,29,26,24,26,41,40,41,44,51,49,48,49,51,54,58,66,60,52,47,44,43,47,36,34,29,16,18,26,24,32,33,41,49,57,59,54,52,52,54,61,65,69,74,80,86,83,80,78,77,76,73,59,65,78
103,86,80,83,99,97,108,109,101,110,111,113,116,119,108,97,106,111,116,122,128,140,130,126,135,145,150,156,157,161,166,171,180,184,197,201,210,206,203,199,196,193,190,205,208,211,214,217,221,224,231,228,224,221,218,216,213,211,203,188,186,192,200,208,206,214,223,226,233,231,230,229,229,229,229,221,229,229,213,205,205,205,205,205,205,198,197,197,197,193,194,195,208,216,223,225,217,209,199,188,186,184,183,182,174,166,165,181,189,181,181,189,189,181,182,190,183,184,137,140,142,145,149,153,157,147,140,134,129,123,117,111,105,91,86,80,76,72,69,61,59,57,56,57,65,64,65,66,75,92,115,117,122,129,126,119,135,134,133,133,133,134,135,137,140,154,165,173,177,168,161,161,158,149,133,113,114,106,97,104,112,113,114,115,117,112,119,128,120,113,103,91,88,76,69,65,72,69,66,59,61,52,42,33,25,20,12,18,16,8,0,8,12,8,16,18,26,24,32,33,41,40,44,40,34,29,26,24,26,29,44,41,40,41,49,48,49,51,54,58,63,71,66,57,52,47,49,54,44,40,34,24,26,33,32,40,41,49,57,65,66,61,58,57,58,65,69,74,80,86,94,90,88,86,85,84,81,66,73,85
107,91,84,85,100,98,109,108,100,109,110,111,113,116,105,94,101,106,111,116,122,135,126,122,130,140,145,150,151,155,160,165,173,177,191,195,204,199,196,192,189,185,183,198,200,203,206,210,213,217,224,221,217,214,211,208,205,203,196,180,178,184,192,200,198,206,216,218,226,223,222,221,221,221,221,213,221,221,205,198,197,197,197,197,198,190,189,189,189,185,186,188,200,208,216,217,209,201,191,180,178,176,175,174,166,158,157,173,181,173,173,181,181,173,174,182,175,176,130,132,135,138,142,146,150,140,134,128,123,117,111,105,100,86,80,74,69,65,61,54,51,49,48,49,57,56,57,59,68,84,107,109,115,123,119,112,128,126,125,125,125,126,128,130,132,146,157,165,169,161,153,153,150,141,125,105,106,99,89,96,104,105,106,107,109,104,112,120,113,106,96,85,81,69,63,58,65,61,59,51,54,45,35,25,17,15,8,16,18,12,8,0,8,12,18,16,24,26,33,32,40,41,47,46,40,36,33,32,33,36,51,49,48,49,57,56,57,59,61,65,69,77,71,63,58,54,54,58,47,46,40,26,24,32,33,41,40,48,56,64,65,59,54,52,52,58,63,68,74,80,90,88,86,85,84,85,82,69,76,89
114,97,91,93,108,106,117,116,108,117,118,119,121,123,113,101,108,113,117,122,128,141,133,129,137,146,151,156,156,160,165,170,178,181,195,199,208,204,199,196,192,189,185,200,203,206,210,213,217,221,228,224,221,217,214,211,208,205,198,183,180,186,194,201,200,208,217,220,228,225,223,222,221,221,221,213,221,221,205,197,197,197,197,198,198,191,190,189,189,185,185,186,198,206,214,216,208,200,189,178,176,175,174,173,165,157,157,173,181,173,173,181,182,174,175,183,176,178,132,135,138,142,146,150,155,145,139,133,128,122,116,111,106,92,86,80,74,69,65,58,54,51,49,48,56,57,59,61,70,87,109,112,119,127,123,115,130,128,126,125,125,125,126,128,130,143,155,163,168,159,151,151,149,141,125,106,107,100,89,97,105,104,105,106,107,102,109,117,110,102,92,80,78,65,58,54,61,59,57,49,51,42,33,25,20,22,16,24,26,18,12,8,0,8,12,8,16,18,26,24,32,33,40,40,36,33,32,33,36,40,54,51,49,48,56,57,59,61,65,69,74,83,77,68,63,58,60,65,54,52,46,33,32,40,41,49,48,56,64,72,73,66,61,58,57,63,68,74,80,87,98,96,94,93,92,93,90,76,83,96
110,93,87,91,106,105,116,117,109,118,119,121,123,126,116,104,113,117,122,128,133,146,137,133,141,151,156,162,162,166,171,176,185,188,201,206,215,210,206,203,199,196,193,208,211,214,217,221,224,228,235,231,228,224,221,218,216,213,205,190,188,194,202,209,208,216,225,228,235,233,231,230,229,229,229,221,229,229,213,205,205,205,205,205,206,199,198,197,197,193,193,194,206,214,222,223,216,208,197,186,184,183,182,181,173,165,165,181,189,181,181,189,190,182,183,191,184,186,140,142,145,149,153,157,161,152,145,139,134,128,122,116,111,97,91,86,80,76,72,65,61,59,57,56,64,65,66,69,78,94,117,119,126,134,129,122,137,135,134,133,133,133,134,135,137,151,163,170,175,167,159,159,157,149,133,114,115,108,97,105,113,112,113,114,115,109,117,125,117,110,99,87,85,72,65,61,69,66,65,57,59,50,41,33,27,26,18,26,24,16,8,12,8,0,8,12,18,16,24,26,33,32,36,34,29,26,24,26,29,34,47,44,41,40,48,49,51,54,58,63,68,77,72,63,57,52,55,61,51,47,40,32,33,41,40,48,49,57,65,73,74,69,65,63,63,69,74,80,86,92,101,98,96,94,93,92,89,74,80,92
117,99,95,99,114,113,124,125,117,126,127,129,131,133,123,111,119,124,129,134,139,153,144,140,148,157,162,168,167,171,176,182,189,193,206,210,219,215,210,206,203,199,196,211,214,217,221,224,228,232,239,235,231,228,224,221,218,216,208,193,190,196,204,211,209,217,227,230,237,234,233,231,230,229,229,221,229,229,212,205,205,205,205,206,208,200,198,197,197,193,193,193,205,213,221,222,214,206,195,184,183,182,181,181,173,165,165,181,189,181,182,189,191,183,184,192,186,188,142,145,149,153,157,161,166,157,151,145,139,133,128,122,117,103,97,91,86,80,76,69,65,61,59,57,65,66,69,72,81,97,119,122,129,138,134,126,140,137,135,134,133,133,133,134,135,149,161,168,174,166,158,158,157,149,133,115,117,111,99,106,114,113,112,113,114,107,115,122,114,107,96,83,83,69,61,59,66,65,64,56,57,49,41,35,32,33,26,33,32,24,16,18,12,8,0,8,12,8,16,18,26,24,29,29,26,24,26,29,34,40,52,47,44,41,49,51,54,58,63,68,74,83,78,69,63,57,62,69,59,54,47,40,41,49,48,56,57,65,73,81,82,76,72,69,68,74,80,86,92,98,108,105,103,102,101,100,97,82,88,99
121,104,98,100,116,114,125,124,116,125,126,127,129,131,121,108,115,119,124,129,134,148,140,137,144,153,157,162,162,165,170,176,183,186,199,204,213,208,204,199,196,192,189,203,206,210,213,217,221,226,232,228,224,221,217,214,211,208,200,185,183,188,196,203,201,209,219,222,230,227,225,223,222,221,221,213,221,221,204,197,197,197,198,198,200,192,191,189,189,185,185,185,198,205,213,214,206,198,188,176,175,174,173,173,165,157,157,173,181,173,174,181,183,175,176,184,178,180,135,138,142,146,150,155,160,151,145,139,133,128,122,117,113,98,92,86,80,74,69,63,58,54,51,49,57,59,61,65,74,90,112,115,123,132,127,119,132,130,128,126,125,125,125,126,128,141,153,161,166,158,150,150,149,141,125,107,109,103,91,98,106,105,104,105,106,99,107,114,107,99,88,76,75,61,54,51,59,57,56,48,49,41,33,27,26,30,24,32,33,26,18,16,8,12,8,0,8,12,18,16,24,26,34,36,33,32,33,36,40,46,58,54,51,49,57,59,61,65,69,74,80,88,83,74,68,63,66,72,61,58,52,41,40,48,49,57,56,64,72,80,81,74,69,65,63,68,74,80,87,94,105,103,102,101,100,101,98,84,90,103
128,110,105,108,124,122,133,132,124,133,133,135,136,138,129,116,122,126,130,135,140,155,147,144,151,159,164,169,168,170,176,182,189,191,204,209,217,213,208,204,199,196,192,206,210,213,217,221,226,230,237,232,228,224,221,217,214,211,203,189,185,191,198,205,203,211,221,224,232,229,227,225,223,222,221,213,221,221,205,197,197,198,198,200,201,194,192,190,189,185,185,185,197,205,213,213,205,198,186,175,174,173,173,173,165,157,157,173,181,174,175,182,184,176,178,186,180,183,138,142,146,150,155,160,165,156,150,145,139,134,129,124,119,105,98,92,86,80,74,68,63,58,54,51,59,61,65,69,78,94,115,119,127,137,132,123,135,132,130,128,125,125,125,125,126,139,151,159,165,157,149,149,149,141,126,109,112,106,93,99,107,106,105,104,105,98,106,112,104,97,85,72,73,59,51,49,57,56,57,49,48,41,35,32,33,37,32,40,41,33,26,24,16,18,12,8,0,8,12,8,16,18,29,33,32,33,36,40,46,52,63,58,54,51,59,61,65,69,74,80,86,94,89,80,74,68,73,79,69,65,58,49,48,56,57,65,64,72,80,88,89,82,76,72,69,74,80,87,94,101,113,111,110,109,108,109,106,92,98,110
124,106,102,106,122,121,132,133,125,133,135,136,138,141,131,119,126,130,135,140,145,159,151,147,155,164,169,174,173,176,182,187,195,197,210,215,224,219,215,210,206,203,199,214,217,221,224,228,232,237,243,239,235,231,228,224,221,218,211,196,193,198,206,213,211,219,229,232,240,236,234,233,231,230,229,221,229,229,213,205,205,205,206,208,209,202,200,198,197,193,193,193,205,213,221,221,213,205,194,183,182,181,181,181,173,165,165,181,189,182,183,190,192,184,186,194,188,190,145,149,153,157,161,166,171,162,156,150,145,139,134,129,124,109,103,97,91,86,80,74,69,65,61,59,66,69,72,76,85,101,122,126,134,143,138,129,142,140,137,135,133,133,133,133,134,147,159,167,173,165,157,157,157,149,134,117,119,113,100,107,115,114,113,112,113,106,114,120,112,104,93,80,81,66,59,57,65,64,65,57,56,49,42,38,37,40,33,41,40,32,24,26,18,16,8,12,8,0,8,12,18,16,23,26,24,26,29,34,40,47,57,52,47,44,51,54,58,63,68,74,80,89,85,76,69,63,68,76,66,61,54,48,49,57,56,64,65,73,81,89,90,84,79,76,74,80,86,92,98,105,116,113,111,110,109,108,105,90,96,106
131,113,110,114,130,129,140,141,133,141,143,144,146,148,138,126,133,137,141,146,151,166,158,154,162,170,175,180,179,182,187,193,200,202,215,220,229,224,219,215,210,206,203,217,221,224,228,232,237,241,248,243,239,235,231,228,224,221,214,199,196,201,209,216,213,221,231,235,242,238,236,234,233,231,230,222,229,229,213,205,205,206,208,209,211,204,201,199,198,193,193,193,205,213,221,221,213,205,193,182,181,181,181,181,173,165,166,182,190,183,184,192,194,186,188,196,190,193,149,153,157,161,166,171,176,167,162,156,150,145,140,135,130,116,109,103,97,91,86,80,74,69,65,61,69,72,76,80,89,105,126,129,138,148,143,134,145,142,140,137,134,133,133,133,133,146,158,166,173,165,157,157,157,150,135,119,122,117,103,109,117,115,114,113,112,105,113,118,110,102,91,77,81,65,57,56,64,65,66,59,57,50,45,43,44,47,41,49,48,40,32,33,26,24,16,18,12,8,0,8,12,8,18,24,26,29,34,40,47,54,63,57,52,47,54,58,63,68,74,80,87,96,92,83,76,69,76,84,74,69,61,56,57,65,64,72,73,81,89,97,98,92,87,83,80,86,92,98,105,112,123,121,119,118,117,116,113,98,103,113
135,117,113,116,132,130,141,140,132,141,141,143,144,146,136,123,129,133,137,141,146,162,154,151,158,166,170,175,174,176,182,188,194,196,209,214,222,217,213,208,204,199,196,210,213,217,221,226,230,235,241,237,232,228,224,221,217,214,206,192,189,194,201,208,205,213,223,227,235,231,229,227,225,223,222,214,221,221,205,197,198,198,200,201,203,196,194,192,190,185,185,185,197,205,213,213,205,197,185,174,173,173,173,173,165,157,158,174,182,175,176,184,186,178,180,188,183,185,142,146,150,155,160,165,170,162,156,151,145,140,135,130,126,112,105,98,92,86,80,74,68,63,58,54,61,65,69,74,83,98,119,123,132,142,137,127,138,135,132,130,126,125,125,125,125,138,150,158,165,157,149,149,149,142,128,112,115,110,96,102,109,107,106,105,104,97,105,110,102,95,83,69,73,57,49,48,56,57,59,51,49,42,38,37,40,45,40,48,49,41,33,32,24,26,18,16,8,12,8,0,8,12,26,32,33,36,40,46,52,58,68,63,58,54,61,65,69,74,80,86,92,100,96,87,80,74,79,87,76,72,65,57,56,64,65,73,72,80,88,96,97,90,84,79,76,80,87,94,101,108,121,119,118,117,116,117,114,99,105,117
142,124,120,124,139,138,149,148,140,149,149,150,152,154,144,131,137,140,144,148,153,169,162,159,165,173,177,181,180,182,188,194,200,201,214,219,227,222,217,213,208,204,199,213,217,221,226,230,235,240,246,241,237,232,228,224,221,217,210,196,192,197,204,211,208,216,226,230,237,233,231,229,227,225,223,216,222,221,206,198,198,200,201,203,205,198,196,193,191,186,185,185,197,205,213,213,205,197,185,173,173,173,173,174,166,158,159,175,183,176,178,185,188,180,183,191,185,189,146,150,155,160,165,170,176,168,162,157,151,146,141,137,133,119,112,105,98,92,86,80,74,68,63,58,65,69,74,80,88,103,123,127,137,148,142,132,142,138,135,132,128,126,125,125,125,137,149,157,164,157,149,149,150,143,130,115,119,114,99,104,112,109,107,106,105,96,104,109,101,93,81,68,73,56,48,49,57,59,61,54,51,45,43,44,47,53,48,56,57,49,41,40,32,33,26,24,16,18,12,8,0,8,24,33,36,40,46,52,58,65,74,68,63,58,65,69,74,80,86,92,98,107,103,94,87,80,86,94,84,79,72,65,64,72,73,81,80,88,96,104,105,98,92,87,83,87,94,101,108,115,129,127,126,125,124,125,122,107,113,124
139,120,118,122,138,137,148,149,141,149,150,152,154,156,146,133,140,144,148,153,157,173,165,162,169,177,181,186,185,187,193,199,206,207,220,225,234,229,224,219,215,210,206,221,224,228,232,237,241,246,253,248,243,239,235,231,228,224,217,203,199,204,211,218,216,223,233,237,245,241,238,236,234,233,231,223,230,229,214,205,206,208,209,211,213,206,203,201,199,194,193,193,205,213,221,221,213,205,193,181,181,181,181,182,174,166,167,183,191,184,186,193,196,188,190,198,193,196,153,157,161,166,171,176,182,173,168,162,156,151,146,141,137,123,116,109,103,97,91,86,80,74,69,65,72,76,80,86,94,109,129,134,143,153,148,138,149,145,142,140,135,134,133,133,133,145,157,165,172,165,157,157,158,151,137,122,126,121,106,112,119,117,115,114,113,104,112,117,109,101,89,75,81,64,56,57,65,66,69,61,59,52,49,49,51,55,49,57,56,48,40,41,33,32,24,26,18,16,8,12,8,0,16,26,29,34,40,47,54,61,69,63,57,52,58,63,68,74,80,87,94,103,99,90,83,76,83,92,82,76,69,64,65,73,72,80,81,89,97,105,106,99,94,90,87,92,98,105,112,119,131,129,127,126,125,124,121,106,111,121
133,114,114,121,137,137,149,150,143,152,154,156,159,162,151,140,148,153,157,162,168,181,173,169,177,186,191,196,196,199,204,210,217,220,233,237,246,241,237,232,228,224,221,235,238,242,246,250,255,259,266,261,257,253,249,246,242,239,232,217,214,219,226,233,231,238,248,252,260,256,254,252,250,248,247,239,246,245,230,221,222,223,225,227,229,221,219,217,215,210,209,209,221,229,237,237,229,221,209,197,197,197,197,198,190,182,183,198,207,200,201,209,211,203,205,214,208,211,167,171,175,179,184,189,194,185,179,173,167,162,156,151,146,132,125,119,114,108,103,97,92,87,83,79,87,90,94,98,107,123,144,147,156,165,160,151,163,160,157,155,151,150,149,149,149,161,173,181,188,181,173,173,174,167,153,137,140,135,121,127,135,132,131,129,129,120,128,133,125,117,105,91,97,80,72,73,81,82,84,76,74,68,63,60,60,62,54,61,59,51,44,47,40,36,29,34,29,23,18,26,24,16,0,12,18,26,33,41,49,57,61,54,47,40,46,52,58,65,72,79,87,96,93,84,76,69,78,89,80,73,65,66,69,76,74,82,84,92,99,107,109,104,101,98,97,102,108,114,120,127,137,133,131,129,127,126,121,104,109,116
124,104,105,113,129,129,143,144,136,146,148,151,154,158,147,137,146,151,156,162,167,180,170,166,175,185,190,196,196,200,205,210,218,221,235,239,248,243,239,235,231,228,224,239,242,246,249,253,257,261,268,264,260,256,253,249,246,243,236,221,218,224,231,238,236,244,254,257,265,262,260,258,256,255,254,246,253,253,237,229,229,230,231,233,234,227,225,223,222,217,217,217,229,237,245,245,237,229,217,205,205,205,205,205,197,189,190,205,214,206,208,215,217,209,211,219,213,216,171,174,178,182,186,190,195,185,179,173,168,162,156,150,145,131,125,119,114,109,105,98,94,90,87,84,92,94,97,101,110,126,148,151,158,167,162,154,168,165,163,161,158,157,157,157,157,170,182,190,197,189,181,181,181,174,159,142,145,139,126,132,140,139,137,137,136,129,137,142,134,126,114,101,105,89,81,80,88,89,90,82,81,73,68,63,60,60,52,58,54,47,40,46,40,34,29,36,33,26,24,32,33,26,12,0,8,16,24,32,40,48,51,44,36,29,34,40,47,54,61,69,76,85,83,74,66,59,69,80,73,64,56,61,65,72,69,76,79,87,94,102,104,101,98,97,97,103,108,114,119,125,133,129,126,123,121,119,113,97,100,106
116,97,97,105,121,121,135,136,129,138,141,144,147,151,140,130,140,145,150,156,162,174,164,159,169,179,184,190,191,195,200,205,213,217,230,235,243,239,235,231,228,224,221,236,239,242,246,249,253,257,264,260,256,253,249,246,243,241,233,218,216,221,229,236,234,242,252,255,263,260,258,256,255,254,253,245,253,253,237,229,229,229,230,231,233,225,223,222,221,217,217,217,229,237,245,245,237,229,218,206,205,205,205,205,197,189,189,205,213,205,206,214,216,208,209,217,211,213,168,171,174,178,182,186,190,180,174,168,163,157,151,145,139,125,119,114,109,105,101,94,90,87,84,82,90,92,94,97,106,122,145,148,154,162,158,151,165,163,161,159,157,157,157,157,158,171,183,191,197,189,181,181,181,173,158,140,142,136,124,131,139,137,137,136,137,129,137,143,135,128,116,102,105,90,82,81,89,88,89,81,80,73,66,60,56,54,46,52,47,40,34,40,36,29,26,33,32,24,26,33,36,29,18,8,0,8,16,24,32,40,44,36,29,23,29,34,40,47,54,61,69,78,75,66,59,51,61,72,65,56,48,54,58,65,61,69,72,79,87,94,97,94,92,91,92,98,103,108,114,119,126,122,119,116,113,111,105,89,92,99
108,89,89,97,113,113,127,129,121,131,133,137,140,144,133,124,134,139,145,151,157,168,157,153,162,173,179,185,185,190,195,200,209,212,226,230,239,235,231,228,224,221,218,233,236,239,242,246,249,253,260,256,253,249,246,243,241,238,231,216,213,219,227,234,233,241,250,253,260,258,256,255,254,253,253,245,253,253,236,229,229,229,229,230,231,224,222,221,221,217,217,217,229,237,245,246,238,230,219,208,206,205,205,205,197,189,189,205,213,205,205,213,214,206,208,216,209,211,165,168,171,174,178,182,186,176,169,163,158,152,145,139,133,119,114,109,105,101,97,90,87,84,82,81,89,90,92,94,103,119,142,145,151,158,154,148,163,161,159,158,157,157,157,158,159,172,184,192,198,190,182,182,181,173,157,139,140,133,122,129,137,137,136,137,137,131,139,145,137,130,118,105,106,92,84,82,90,89,88,80,81,73,65,58,52,49,40,46,40,34,29,36,33,26,24,32,33,26,29,36,40,34,26,16,8,0,8,16,24,32,36,29,23,18,26,29,34,40,47,54,61,70,68,59,51,44,53,64,57,48,40,47,52,58,54,61,65,72,79,87,90,87,86,86,87,94,98,103,108,114,119,115,111,108,105,103,98,81,84,91
100,81,81,89,105,105,119,121,113,123,126,129,133,137,126,117,128,133,139,145,152,162,151,146,156,167,173,179,180,186,190,195,204,208,222,226,235,231,228,224,221,218,216,231,233,236,239,242,246,249,256,253,249,246,243,241,238,236,229,213,211,217,225,233,231,239,248,251,259,256,255,254,253,253,253,245,253,253,237,229,229,229,229,229,230,223,221,221,221,217,217,218,230,238,246,247,239,231,221,209,208,206,205,205,197,189,189,205,213,205,205,213,213,205,206,215,208,209,163,165,168,171,174,178,182,171,165,158,154,147,140,134,128,114,109,105,101,97,94,87,84,82,81,80,88,89,90,92,100,117,140,142,148,154,151,145,161,159,158,157,157,157,158,159,161,174,186,194,199,191,183,183,181,173,157,137,139,132,121,129,137,136,137,137,139,132,140,147,140,132,121,108,108,94,87,84,92,90,89,81,82,73,65,57,50,45,36,40,34,29,26,33,32,24,26,33,36,29,34,40,46,40,33,24,16,8,0,8,16,24,29,23,18,16,24,26,29,34,40,47,54,63,60,51,44,36,45,56,49,40,32,40,46,52,47,54,58,65,72,79,83,80,80,80,83,90,94,98,103,108,113,108,104,101,98,96,90,73,76,83
93,74,73,81,97,98,111,113,105,116,119,122,126,130,119,111,122,128,134,140,147,156,145,140,150,162,168,174,176,182,186,190,200,204,219,222,231,228,224,221,218,216,213,229,231,233,236,239,242,246,253,249,246,243,241,238,236,234,227,211,209,216,224,231,230,238,247,249,257,255,254,253,253,253,253,245,253,253,237,229,229,229,229,229,229,222,221,221,221,217,218,219,231,239,247,248,241,233,222,211,209,208,206,205,198,190,189,205,213,205,205,213,213,205,205,214,206,208,161,163,165,168,171,174,178,167,160,154,149,143,136,129,123,109,105,101,97,94,92,84,82,81,80,81,89,88,89,90,99,115,139,140,145,151,148,142,159,158,157,157,157,158,159,161,163,176,188,196,201,192,184,184,182,173,157,137,137,130,121,128,136,137,137,139,140,135,142,150,142,135,124,111,111,97,90,87,94,92,90,82,84,75,66,57,49,42,33,36,29,26,24,32,33,26,29,36,40,34,40,46,52,47,41,32,24,16,8,0,8,16,23,18,16,18,26,24,26,29,34,40,47,56,52,44,36,29,37,48,41,32,24,34,40,46,40,47,52,58,65,72,76,74,74,76,79,87,90,94,98,103,106,101,97,94,90,88,82,65,68,75
85,67,65,73,89,90,103,105,98,108,111,115,119,124,113,105,117,123,129,136,143,151,139,134,145,157,163,169,171,178,182,186,196,201,215,219,228,224,221,218,216,213,211,227,229,231,233,236,239,242,249,246,243,241,238,236,234,233,225,209,208,215,223,230,229,237,246,248,256,254,253,253,253,253,253,245,253,254,238,230,229,229,229,229,229,221,221,221,221,218,219,221,233,241,248,250,242,234,224,213,211,209,208,206,198,191,190,205,213,205,205,213,213,205,205,213,205,206,159,161,163,165,168,171,174,163,156,149,145,138,132,125,118,105,101,97,94,92,90,82,81,80,81,82,90,89,88,89,97,114,137,139,142,148,145,140,158,157,157,157,158,159,161,163,165,179,190,198,202,194,186,186,183,174,157,136,137,129,121,129,137,137,139,140,142,137,145,153,145,138,128,115,113,101,94,90,97,94,92,84,87,78,68,58,49,41,32,33,26,24,26,33,36,29,34,40,46,40,47,52,58,54,49,40,32,24,16,8,0,8,18,16,18,23,29,26,24,26,29,34,40,49,45,36,29,23,30,40,33,24,16,29,36,40,34,40,46,52,58,65,69,68,69,72,76,84,87,90,94,98,100,95,90,86,83,80,74,57,60,68
78,60,57,65,81,82,96,98,90,101,104,108,113,117,106,100,112,118,125,132,138,145,133,128,139,152,158,165,167,174,178,182,192,197,212,215,224,221,218,216,213,211,209,225,227,229,231,233,236,239,246,243,241,238,236,234,233,231,223,208,206,214,222,229,229,237,245,247,255,253,253,253,253,253,253,245,254,255,239,231,230,229,229,229,229,221,221,221,222,219,221,222,234,242,250,252,244,236,226,216,213,211,209,208,200,192,191,206,214,205,205,213,213,205,205,213,205,205,158,159,161,163,165,168,171,160,153,145,142,135,128,121,114,101,97,94,92,90,89,81,80,81,82,84,92,90,89,88,97,113,137,137,140,145,142,139,157,157,157,157,159,161,163,165,168,182,193,200,204,196,188,188,184,175,158,137,136,129,121,129,137,139,140,142,145,140,148,156,149,142,132,120,117,105,98,94,101,97,94,87,90,81,70,60,50,41,33,32,24,26,29,36,40,34,40,46,52,47,54,58,65,61,57,48,40,32,24,16,8,0,16,18,23,29,34,29,26,24,26,29,34,43,38,29,23,18,22,32,26,16,8,26,33,36,29,34,40,46,52,58,63,63,65,69,74,82,84,87,90,94,94,89,84,79,76,73,66,49,52,60
73,54,57,68,83,86,101,104,97,108,113,117,122,128,116,112,125,132,138,145,153,158,145,139,152,165,171,178,181,189,192,196,206,212,227,230,239,236,233,231,229,227,225,241,242,244,246,248,251,254,261,259,256,254,252,250,248,247,239,223,222,230,238,245,245,253,261,262,270,269,269,269,269,269,269,261,270,271,255,247,246,245,245,245,245,237,237,237,238,235,236,238,250,258,266,267,260,252,242,231,229,227,225,223,216,208,206,222,230,221,221,229,229,221,221,229,221,221,174,175,176,178,180,183,185,174,167,160,156,149,142,135,128,115,112,109,107,106,105,97,96,97,98,99,107,106,105,104,113,129,153,153,156,160,158,154,173,173,173,173,175,176,178,180,183,197,208,216,220,211,203,203,200,191,174,153,152,145,137,145,153,154,156,158,160,155,162,171,163,156,145,133,131,119,112,108,115,112,109,102,104,96,85,75,66,57,49,48,40,41,44,51,54,47,52,58,63,57,63,68,74,69,61,51,44,36,29,23,18,16,0,8,16,24,26,18,12,8,12,18,26,35,33,24,16,8,22,36,34,23,18,41,49,51,44,47,54,58,63,68,74,76,79,84,90,98,99,102,104,108,105,100,94,89,84,79,71,54,55,57
81,62,65,75,91,93,108,111,104,115,119,124,129,134,122,117,129,136,143,149,156,163,151,145,157,169,176,182,185,192,196,199,210,215,230,233,242,239,236,233,231,229,227,242,244,246,248,251,254,257,264,261,259,256,254,252,250,248,241,225,223,230,238,246,245,253,262,264,271,270,269,269,269,269,269,261,269,270,254,246,245,245,245,245,245,237,237,237,237,234,235,236,248,256,264,266,258,250,240,229,227,225,223,222,214,206,205,221,229,221,221,229,229,221,221,229,221,222,175,176,178,180,183,185,189,178,170,163,160,153,145,138,132,119,115,112,109,107,106,98,97,96,97,98,106,105,104,105,113,129,153,154,158,162,160,156,174,173,173,173,174,175,176,178,180,194,205,213,218,209,201,201,198,190,173,152,153,145,137,145,153,153,154,156,158,152,160,168,160,153,142,129,128,115,108,104,112,109,107,99,102,93,83,73,65,57,48,49,41,40,41,49,51,44,47,54,58,52,57,63,68,63,54,44,36,29,23,18,16,18,8,0,8,16,18,12,8,12,18,26,33,42,41,32,24,16,30,44,40,29,23,44,51,54,47,52,58,63,68,74,80,80,83,87,92,99,102,104,108,112,111,105,100,95,90,86,78,61,63,65
89,70,73,83,99,101,116,119,111,122,126,130,135,140,129,122,134,140,147,154,160,168,156,150,162,174,180,187,189,196,199,204,214,219,233,237,246,242,239,236,233,231,229,244,246,248,251,254,257,260,267,264,261,259,256,254,252,250,242,227,225,232,240,247,246,254,263,265,273,271,270,269,269,269,269,261,269,269,253,245,245,245,245,245,245,238,237,237,237,233,234,235,247,255,263,264,256,248,238,227,225,223,222,221,213,205,205,221,229,221,221,229,229,221,221,230,222,223,176,178,180,183,185,189,192,181,174,167,163,156,149,143,136,123,119,115,112,109,107,99,98,97,96,97,105,104,105,106,114,131,154,156,160,165,162,158,175,174,173,173,173,174,175,176,178,192,203,211,216,208,200,200,198,189,173,153,153,146,137,144,152,153,153,154,156,150,158,165,157,150,139,126,126,112,104,102,109,107,106,98,99,91,81,73,65,58,49,51,44,41,40,48,49,41,44,51,54,47,52,58,63,57,47,36,29,23,18,16,18,23,16,8,0,8,12,8,12,18,26,33,41,50,49,40,32,24,37,51,47,36,29,47,54,58,52,57,63,68,74,80,86,86,87,90,94,102,104,108,112,116,116,111,106,101,97,94,86,69,70,73
97,77,81,91,106,109,123,126,119,129,133,137,141,146,135,128,139,145,152,158,165,173,162,156,167,179,185,192,194,199,204,208,218,222,237,240,249,246,242,239,236,233,231,246,248,251,254,257,260,263,271,267,264,261,259,256,254,252,244,229,227,233,241,248,247,255,264,266,274,272,271,270,269,269,269,261,269,269,253,245,245,245,245,245,246,238,237,237,237,233,233,234,246,254,262,263,255,247,236,225,223,222,221,221,213,205,205,221,229,221,221,229,229,221,222,230,223,225,178,180,183,185,189,192,196,185,178,171,167,160,154,147,140,127,123,119,115,112,109,102,99,98,97,96,104,105,106,107,116,132,156,158,162,169,165,160,176,175,174,173,173,173,174,175,176,190,201,209,215,206,198,198,197,189,173,153,154,147,137,145,153,152,153,153,154,148,156,163,155,147,136,123,124,109,102,99,107,106,105,97,98,89,81,73,66,60,51,54,47,44,41,49,48,40,41,49,51,44,47,54,58,52,40,29,23,18,16,18,23,29,24,16,8,0,8,12,18,26,33,41,49,58,57,48,40,32,45,59,54,44,36,52,58,63,57,63,68,74,80,87,92,91,92,94,97,104,108,112,116,120,122,117,113,108,104,101,93,76,78,81
97,77,82,93,108,111,126,129,122,133,137,141,146,151,140,133,145,152,158,165,171,179,167,162,173,185,192,198,200,206,210,215,225,229,244,247,256,253,249,246,243,241,238,254,256,259,261,264,267,271,278,275,272,269,266,264,262,260,252,236,234,241,249,256,255,263,272,274,282,280,279,278,277,277,277,269,277,277,261,253,253,253,253,253,254,246,245,245,245,241,241,242,254,262,270,271,263,255,244,233,231,230,229,229,221,213,213,229,237,229,229,237,237,229,230,238,231,233,186,188,190,193,196,199,203,192,185,178,174,167,160,154,147,134,129,126,122,119,117,109,107,106,105,104,112,113,114,115,124,140,164,165,170,176,173,168,184,183,182,181,181,181,182,183,184,197,209,217,223,214,206,206,205,197,181,161,162,155,145,153,161,160,161,161,162,156,164,170,163,155,143,130,132,117,109,107,115,114,113,105,106,97,89,81,73,68,59,61,54,51,49,57,56,48,49,57,59,51,54,61,65,58,46,34,29,26,24,26,29,34,26,18,12,8,0,8,16,24,32,40,48,57,57,49,41,33,47,61,58,47,40,58,65,69,63,68,74,80,86,92,97,97,98,101,104,112,115,119,123,127,128,122,117,113,108,104,96,79,80,81
89,69,74,85,100,104,119,122,115,126,130,135,140,145,134,128,140,147,154,160,167,174,162,156,168,180,187,194,196,203,206,210,221,226,241,244,253,249,246,243,241,238,236,252,254,256,259,261,264,267,275,272,269,266,264,262,260,258,250,234,233,240,247,255,254,262,271,273,281,279,278,277,277,277,277,269,277,277,261,253,253,253,253,253,253,245,245,245,245,241,242,243,255,263,271,272,264,256,246,234,233,231,230,229,221,213,213,229,237,229,229,237,237,229,229,238,230,231,184,186,188,190,193,196,199,188,181,174,170,163,156,149,143,129,126,122,119,117,115,107,106,105,104,105,113,112,113,114,122,139,162,164,168,173,170,165,183,182,181,181,181,182,183,184,186,199,211,219,224,216,208,208,205,197,181,161,161,154,145,152,160,161,161,162,164,158,165,173,165,157,146,133,133,119,112,109,117,115,114,106,107,99,89,81,73,66,57,59,51,49,48,56,57,49,51,59,61,54,58,65,69,63,52,40,34,29,26,24,26,29,18,12,8,12,8,0,8,16,24,32,40,49,49,41,33,26,40,54,52,40,34,54,61,65,58,63,69,74,80,86,91,92,94,97,102,109,112,115,119,123,122,116,111,106,101,97,89,72,73,73
81,61,66,78,93,96,111,115,108,119,124,129,134,139,128,123,136,143,149,156,163,169,157,151,163,176,182,189,192,199,203,206,217,223,237,241,249,246,243,241,238,236,234,250,252,254,256,259,261,264,272,269,266,264,262,260,258,256,248,233,231,238,246,254,253,261,270,271,279,278,277,277,277,277,277,269,277,278,262,254,253,253,253,253,253,245,245,245,245,242,243,244,256,264,272,273,266,258,247,236,234,233,231,230,222,214,213,229,237,229,229,237,237,229,229,237,229,230,183,184,186,188,190,193,196,185,178,170,167,160,153,145,138,126,122,119,117,115,114,106,105,104,105,106,114,113,112,113,121,137,161,162,165,170,168,164,182,181,181,181,182,183,184,186,188,202,213,221,226,217,209,209,206,198,181,160,161,153,145,153,161,161,162,164,165,160,168,175,168,160,149,136,136,122,115,112,119,117,115,107,109,100,91,81,73,65,56,57,49,48,49,57,59,51,54,61,65,58,63,69,74,68,58,47,40,34,29,26,24,26,12,8,12,18,16,8,0,8,16,24,32,41,41,33,26,18,33,47,46,34,29,51,59,61,54,58,65,69,74,80,86,87,90,94,99,107,109,112,115,119,117,111,105,100,95,90,82,65,65,65
73,53,58,70,85,89,104,108,101,113,117,122,128,133,122,118,132,138,145,153,160,165,152,145,158,171,178,185,188,196,199,203,214,220,235,237,246,243,241,238,236,234,233,248,250,252,254,256,259,261,269,266,264,262,260,258,256,255,247,231,230,238,245,253,253,261,269,270,278,277,277,277,277,277,277,269,278,279,262,255,254,253,253,253,253,245,245,245,246,243,244,246,258,266,273,275,267,260,249,238,236,234,233,231,223,216,214,230,238,229,229,237,237,229,229,237,229,229,182,183,184,186,188,190,193,182,174,167,164,156,149,142,135,122,119,117,115,114,113,105,104,105,106,107,115,114,113,112,121,137,161,161,164,168,165,162,181,181,181,181,183,184,186,188,190,204,216,223,228,219,211,211,208,198,182,161,160,153,145,153,161,162,164,165,168,162,170,178,171,163,153,140,139,126,119,115,122,119,117,109,112,103,93,83,73,65,57,56,48,49,51,59,61,54,58,65,69,63,68,74,80,74,65,54,47,40,34,29,26,24,8,12,18,26,24,16,8,0,8,16,24,33,33,26,18,12,26,40,40,29,26,49,57,59,51,54,61,65,69,74,80,83,87,92,98,106,107,109,112,115,112,105,100,94,89,84,75,58,58,57
65,45,50,63,78,82,97,101,95,106,111,116,122,128,117,114,128,135,142,149,156,160,147,140,154,167,174,181,185,193,196,199,210,217,232,235,243,241,238,236,234,233,231,247,248,250,252,254,256,259,266,264,262,260,258,256,255,254,246,230,229,237,245,253,253,261,269,270,278,277,277,277,277,277,278,270,279,280,264,256,255,254,253,253,253,245,245,245,247,244,246,247,260,267,275,277,269,262,252,241,238,236,234,233,225,217,216,231,239,230,229,238,237,229,229,237,229,229,181,182,183,184,186,188,190,179,171,164,161,154,146,139,131,119,117,115,114,113,112,104,105,106,107,109,117,115,114,113,121,136,160,161,162,165,164,161,181,181,181,182,184,186,188,190,193,207,218,226,230,221,213,213,209,200,183,161,161,153,146,154,162,164,165,168,170,165,173,181,174,167,156,144,142,129,123,119,126,122,119,112,115,106,96,85,75,66,59,57,49,51,54,61,65,58,63,69,74,68,74,80,86,80,72,61,54,47,40,34,29,26,12,18,26,33,32,24,16,8,0,8,16,25,25,18,12,8,20,34,36,26,24,48,56,57,49,51,59,61,65,69,76,79,84,90,97,105,106,107,109,112,107,100,94,88,83,77,68,52,51,49
57,37,43,56,70,75,90,95,89,100,105,111,117,123,112,110,124,131,139,146,154,156,143,136,149,163,170,178,182,190,193,196,207,214,230,232,241,238,236,234,233,231,230,246,247,248,250,252,254,256,264,262,260,258,256,255,254,253,245,229,229,237,245,253,253,261,269,269,277,277,277,277,277,278,279,271,280,281,265,258,256,255,254,253,253,245,245,246,248,246,247,249,262,269,277,279,271,264,254,243,241,238,236,234,227,219,217,233,240,231,230,238,237,229,229,237,229,229,181,181,182,183,184,186,188,176,169,161,159,151,143,136,128,117,115,114,113,112,113,105,106,107,109,112,119,117,115,114,121,137,161,160,161,164,162,161,181,181,182,183,186,188,190,193,196,210,221,229,232,223,216,216,211,201,184,162,161,153,147,156,164,165,168,170,173,169,176,185,178,171,160,149,145,134,127,123,129,126,122,115,119,110,99,88,78,68,61,59,51,54,58,65,69,63,68,74,80,74,80,86,92,87,79,69,61,54,47,40,34,29,18,26,33,41,40,32,24,16,8,0,8,17,17,12,8,12,17,29,33,24,26,49,57,56,48,49,57,59,61,65,72,76,82,89,96,104,105,106,107,109,103,96,89,83,77,71,62,46,44,41
49,29,35,49,63,68,84,89,83,94,100,105,112,118,107,106,121,128,136,143,151,153,138,132,145,160,167,174,179,188,190,193,205,212,228,230,238,236,234,233,231,230,229,245,246,247,248,250,252,254,262,260,258,256,255,254,253,253,245,229,229,237,245,253,253,261,269,269,277,277,277,277,278,279,280,272,281,283,266,260,258,256,255,254,253,245,246,247,250,247,249,252,264,271,279,281,274,266,257,246,243,241,238,236,229,221,219,234,242,233,231,240,238,230,229,237,229,229,181,181,181,182,183,184,186,174,166,159,157,149,141,133,126,115,114,113,112,113,114,106,107,109,112,115,122,119,117,115,122,137,161,161,161,162,161,160,181,182,183,184,188,190,193,196,199,213,224,232,235,226,218,218,213,203,186,164,162,154,149,158,165,168,170,173,176,172,179,189,182,175,165,153,149,138,132,127,134,129,126,119,123,114,103,92,81,70,65,61,54,58,63,69,74,68,74,80,86,80,87,92,98,94,87,76,69,61,54,47,40,34,26,33,41,49,48,40,32,24,16,8,0,9,9,8,12,18,17,26,32,26,29,51,59,57,49,48,56,57,59,61,69,74,81,88,97,105,104,105,106,107,99,92,85,78,72,66,56,40,37,33
40,20,30,46,58,64,80,85,80,91,97,104,110,117,106,107,122,130,137,145,153,153,138,131,145,160,168,175,180,190,192,194,206,214,230,231,240,238,237,235,234,233,233,249,249,250,251,252,254,256,263,262,260,259,258,257,257,257,249,233,233,241,249,257,257,265,273,272,280,281,281,282,283,284,285,277,287,289,272,265,263,262,260,259,258,250,251,253,255,253,255,258,270,278,285,288,280,273,263,253,250,247,245,242,235,227,225,240,247,238,237,245,243,235,234,242,233,233,185,185,185,185,186,187,188,176,168,161,159,151,143,135,128,118,117,116,117,118,119,111,113,116,119,122,129,126,123,121,128,143,166,165,164,165,165,165,186,187,188,190,194,197,200,203,206,221,231,239,241,232,225,225,219,209,192,169,168,159,155,164,171,174,177,180,183,180,187,196,189,182,173,161,157,146,140,135,141,137,133,126,130,121,110,99,88,77,73,68,62,66,71,77,83,77,83,88,94,89,96,100,107,103,96,85,78,70,63,56,49,43,35,42,50,58,57,49,41,33,25,17,9,0,8,15,20,27,24,28,37,33,37,58,65,63,55,53,61,60,61,63,70,77,84,93,102,110,109,108,109,110,99,92,85,77,70,64,53,40,35,26
41,22,26,40,54,59,75,80,74,85,91,97,104,110,99,99,114,122,130,137,145,145,131,124,138,153,160,168,173,182,184,186,199,206,222,224,232,230,229,227,226,225,225,241,241,242,243,244,246,248,256,254,252,251,250,249,249,249,241,225,225,233,241,249,249,257,265,264,272,273,273,274,275,276,277,270,279,281,264,258,256,254,252,251,250,242,243,245,247,246,248,250,262,270,278,280,273,265,256,246,243,240,237,235,227,219,217,232,240,230,229,237,235,227,226,234,225,225,177,177,177,177,178,179,180,168,161,153,151,143,135,128,120,110,109,108,109,110,111,103,105,108,111,115,122,119,116,113,120,135,158,157,156,157,157,157,178,179,180,182,186,189,192,196,199,213,224,231,234,225,217,217,212,202,184,162,160,151,147,156,164,166,169,172,176,173,180,189,182,176,166,155,150,140,134,129,135,130,126,119,124,115,104,93,81,70,66,62,55,60,66,71,77,72,78,83,89,85,92,96,103,99,93,83,75,68,60,52,45,38,33,41,49,57,57,49,41,33,25,17,9,8,0,9,17,25,17,20,30,26,32,51,58,55,47,45,53,52,53,55,63,69,76,85,94,102,101,100,101,102,92,85,77,70,64,57,47,33,29,24
50,31,33,45,60,64,79,84,77,89,94,100,105,112,100,99,113,121,128,136,143,145,132,125,138,153,160,167,171,180,183,185,197,204,220,222,231,229,227,225,223,222,221,237,238,239,241,242,244,246,254,252,250,248,247,246,245,245,237,221,221,229,237,245,245,253,261,261,269,269,269,269,270,271,272,264,273,275,259,252,250,248,247,246,245,237,238,240,242,240,242,244,256,264,271,274,266,259,249,239,236,233,231,229,221,213,211,227,234,225,223,232,230,222,221,229,221,221,173,173,173,174,175,176,178,166,159,151,149,141,133,126,118,107,106,105,104,105,106,98,99,102,104,108,115,112,109,107,114,129,153,153,153,154,153,152,173,174,175,176,180,183,185,189,192,206,217,224,227,218,211,211,205,196,178,156,154,146,141,150,158,160,162,165,169,165,172,182,175,168,158,147,143,132,125,120,127,123,119,112,116,107,96,85,74,63,58,54,47,52,57,63,68,63,69,74,80,76,83,87,94,90,84,74,66,59,51,44,36,29,24,32,40,48,49,41,33,26,18,12,8,15,9,0,8,16,9,18,24,18,23,44,51,49,41,40,48,49,51,54,61,66,73,80,89,97,96,97,98,99,92,85,78,72,66,60,50,34,33,33
58,38,41,52,68,71,86,90,84,95,100,105,111,117,105,103,117,124,131,139,146,149,136,129,143,156,163,170,174,183,185,189,200,207,222,224,233,231,229,227,225,223,222,238,239,241,242,244,246,248,256,254,252,250,248,247,246,245,237,221,221,229,237,245,245,253,261,261,269,269,269,269,269,270,271,263,272,273,257,250,248,247,246,245,245,237,237,238,240,238,240,242,254,262,269,271,264,256,247,236,233,231,229,227,219,211,209,225,232,223,222,230,229,221,221,229,221,221,173,173,174,175,176,178,180,169,161,154,151,143,136,128,121,109,107,106,105,104,105,97,98,99,102,104,112,109,107,106,113,129,153,152,153,156,154,153,173,173,174,175,178,180,183,185,189,203,214,221,224,216,208,208,203,194,176,154,153,145,139,148,156,158,160,162,165,161,169,178,171,164,154,142,138,127,120,116,123,119,115,108,112,103,92,81,70,60,54,51,44,47,52,58,63,57,63,68,74,69,76,80,87,83,76,66,59,51,44,36,29,23,16,24,32,40,41,33,26,18,12,8,12,20,17,8,0,8,9,23,26,16,18,41,49,48,40,41,49,51,54,58,65,69,74,81,88,96,97,98,99,102,96,89,83,77,71,66,57,40,40,41
66,46,49,60,75,78,94,97,90,101,106,111,116,122,111,107,121,128,135,142,149,154,140,134,147,160,167,174,178,185,189,192,203,209,224,227,236,233,231,229,227,225,223,239,241,242,244,246,248,251,259,256,254,252,250,248,247,246,238,222,221,229,237,245,245,253,261,262,270,269,269,269,269,269,270,262,271,272,256,248,247,246,245,245,245,237,237,238,239,236,238,240,252,260,267,269,262,254,244,233,231,229,227,225,217,209,208,223,231,222,221,230,229,221,221,229,221,221,173,174,175,176,178,180,183,171,164,156,154,146,139,131,124,112,109,107,106,105,104,96,97,98,99,102,109,107,106,105,113,128,152,153,154,158,156,153,173,173,173,174,176,178,180,183,185,200,211,218,222,213,205,205,201,192,175,153,153,145,138,146,154,156,158,160,162,158,165,174,167,160,149,138,135,123,116,112,119,115,112,104,108,99,88,78,68,58,51,49,41,44,47,54,58,52,57,63,68,63,69,74,80,76,69,59,51,44,36,29,23,18,8,16,24,32,33,26,18,12,8,12,18,27,25,16,8,0,15,29,29,18,16,40,48,49,41,44,51,54,58,63,69,72,76,82,89,97,98,99,102,104,100,94,88,83,77,73,64,47,47,49
56,38,37,46,62,64,79,83,76,87,92,97,102,108,97,94,108,115,122,130,137,140,127,120,134,147,154,161,165,174,177,180,191,198,213,216,224,222,220,218,216,215,214,230,231,232,233,235,237,240,247,245,243,241,240,239,238,237,229,213,213,221,229,236,237,245,252,253,261,260,261,261,262,262,264,256,265,266,250,243,241,240,239,238,237,229,230,231,233,231,233,235,247,255,263,265,257,250,240,230,227,224,222,220,212,204,202,218,225,216,215,223,222,214,213,221,213,212,164,165,165,166,168,169,171,160,152,145,142,135,127,119,112,100,99,97,97,97,97,89,91,93,96,99,106,103,100,99,106,121,145,145,145,147,146,145,165,165,166,168,171,174,177,180,183,197,208,215,218,209,202,202,197,187,169,147,146,137,132,141,149,151,154,156,160,156,163,173,166,159,149,138,134,123,117,112,118,114,110,103,107,98,87,76,65,54,49,45,38,43,49,54,60,55,62,66,73,68,76,79,86,83,78,69,61,53,45,37,30,22,22,30,37,45,47,40,33,26,20,17,17,24,17,9,9,15,0,15,17,9,15,35,42,41,33,33,41,42,45,49,56,60,66,73,81,89,89,89,91,93,87,80,74,68,63,58,50,33,33,38
49,35,26,33,49,50,65,68,62,73,77,83,88,94,83,81,96,103,111,118,126,128,114,107,121,135,142,149,154,163,165,168,179,187,202,204,213,211,209,208,206,205,205,221,221,222,223,225,227,229,236,234,233,231,230,229,229,229,221,205,205,213,221,229,229,237,245,244,252,253,253,254,255,256,258,250,260,262,245,238,236,234,233,231,230,222,223,225,228,226,229,232,243,251,259,261,254,246,238,228,224,221,218,216,208,200,198,213,220,211,209,217,216,208,206,214,205,205,157,157,157,157,158,159,161,149,141,133,132,124,116,108,100,90,89,88,89,90,92,84,87,90,94,98,105,101,97,94,100,115,139,137,136,137,137,137,158,159,161,163,168,171,174,178,182,196,206,213,215,206,199,199,193,183,165,142,140,132,128,137,145,148,151,154,158,156,162,173,166,160,151,141,134,125,119,114,119,114,109,103,108,100,88,77,66,54,52,46,40,47,54,58,65,61,69,72,79,76,84,87,94,92,89,80,72,64,56,48,40,32,36,44,51,59,61,54,47,40,34,29,26,28,20,18,23,29,15,0,12,16,24,34,40,36,29,26,33,32,33,36,44,49,56,65,74,82,81,80,81,82,74,67,60,54,49,44,35,18,20,32
60,46,37,41,57,57,70,73,65,76,79,84,89,94,83,78,92,99,106,113,121,125,112,105,118,132,138,145,149,157,160,163,175,181,197,199,208,205,203,201,200,198,198,213,214,216,217,219,221,223,231,229,227,225,223,222,221,221,213,197,197,205,213,221,221,229,237,237,245,245,245,245,246,247,248,241,250,252,235,229,227,225,223,222,221,213,214,216,218,216,219,221,233,241,248,251,243,236,227,217,214,211,208,205,198,190,188,203,211,201,200,208,206,198,198,205,197,197,149,149,149,150,151,153,155,143,136,128,126,118,111,103,96,84,82,81,80,81,82,74,76,79,83,87,94,90,87,84,91,106,129,129,129,131,129,128,149,150,151,153,157,160,163,167,171,185,196,203,205,196,189,189,183,173,155,132,131,122,118,127,135,137,140,144,147,145,151,161,155,149,139,129,123,114,108,102,108,103,98,92,97,88,77,66,54,43,40,34,29,36,44,47,54,51,59,61,69,66,74,76,84,82,80,73,65,57,49,41,33,26,34,40,47,54,58,52,46,40,36,33,32,37,30,24,26,29,17,12,0,12,18,23,29,26,18,16,24,26,29,34,40,44,49,56,65,73,72,73,74,76,72,66,60,55,51,47,41,24,30,43
63,46,42,49,65,66,80,83,76,86,90,95,100,105,94,89,103,110,117,124,131,136,123,117,129,143,149,156,160,168,171,174,185,192,207,209,218,216,213,211,209,208,206,222,223,225,227,229,231,233,241,238,236,234,233,231,230,229,221,205,205,213,221,229,229,237,245,245,253,253,253,253,253,254,255,247,256,258,241,234,233,231,230,229,229,221,221,223,224,222,224,226,238,246,254,256,248,241,232,221,218,216,213,211,203,196,194,209,217,208,206,215,213,205,205,213,205,205,157,157,158,159,161,163,165,154,146,139,136,128,121,113,106,94,92,90,89,88,89,81,82,84,87,90,97,94,92,90,97,113,137,136,137,140,139,137,157,157,158,159,163,165,168,171,174,188,199,206,209,200,193,193,188,178,161,139,137,129,124,132,140,142,145,148,151,147,154,164,157,150,140,130,125,114,108,103,109,105,101,94,98,89,78,67,56,45,40,36,29,34,40,46,52,47,54,58,65,61,69,72,79,76,73,64,56,48,40,32,24,16,23,29,36,44,47,40,34,29,26,24,26,33,26,18,16,18,9,16,12,0,8,26,33,32,24,26,33,36,40,46,52,54,59,65,72,80,81,82,84,87,83,77,71,66,62,58,50,33,36,45
70,53,50,57,73,74,88,90,83,94,97,101,106,111,100,94,107,114,121,128,135,140,128,122,134,147,154,160,163,171,174,178,188,194,209,212,221,218,216,213,211,209,208,223,225,227,229,231,233,236,243,241,238,236,234,233,231,230,222,206,205,213,221,229,229,237,245,246,254,253,253,253,253,253,254,246,255,256,240,233,231,230,229,229,229,221,221,222,223,221,222,224,236,244,252,254,246,238,229,218,216,213,211,209,201,194,192,208,215,206,205,214,213,205,205,213,205,205,157,158,159,161,163,165,168,156,149,142,139,131,124,117,110,97,94,92,90,89,88,80,81,82,84,87,94,92,90,89,97,112,136,137,139,142,140,137,157,157,157,158,161,163,165,168,171,185,196,203,207,198,190,190,186,176,159,137,137,129,122,131,139,140,142,145,148,144,151,160,153,146,136,125,121,109,103,98,105,101,97,90,94,85,74,63,52,42,36,33,26,29,34,40,46,40,47,52,58,54,61,65,72,69,65,56,48,40,32,24,16,8,18,23,29,36,40,34,29,26,24,26,29,37,32,23,18,16,15,24,18,8,0,24,32,33,26,29,36,40,46,52,57,58,61,66,73,81,82,84,87,90,88,83,77,73,68,65,58,41,44,52
83,69,59,60,75,73,84,85,77,86,88,90,94,97,86,77,88,94,100,107,114,122,111,106,116,128,134,140,143,149,153,157,167,172,187,190,199,196,193,190,188,186,184,200,201,203,205,208,211,214,221,218,216,213,211,209,208,206,198,183,182,189,197,205,205,213,221,222,230,229,229,229,229,229,230,222,231,233,216,209,208,206,205,205,205,197,197,198,199,197,199,201,213,221,229,231,223,216,206,196,193,190,188,186,178,170,168,184,192,183,182,190,189,181,181,189,181,181,133,134,135,137,140,142,145,135,128,121,117,110,103,96,89,76,72,69,66,65,64,56,57,59,61,65,72,69,66,65,73,88,112,113,115,119,117,114,133,133,133,134,137,140,142,145,149,163,174,181,184,175,168,168,163,153,135,114,113,105,99,107,115,117,119,122,126,123,129,139,133,126,117,107,100,91,86,80,86,80,76,69,74,66,54,43,32,20,18,12,8,16,24,26,33,32,40,41,49,48,56,57,65,64,66,61,54,47,40,34,29,26,41,44,47,52,58,54,51,49,48,49,51,58,51,44,41,40,35,34,23,26,24,0,8,12,8,16,18,26,33,41,44,40,40,44,49,57,59,61,65,69,73,68,65,63,61,60,57,44,51,66
88,75,64,63,78,75,85,84,76,85,86,88,90,94,83,73,83,88,94,100,107,116,106,101,111,122,128,134,136,142,146,150,160,165,180,183,192,189,185,183,180,178,176,192,194,196,198,200,203,206,214,211,208,205,203,201,200,198,191,175,174,181,189,197,197,205,213,214,222,221,221,221,221,221,222,214,223,225,208,201,200,198,198,197,197,189,189,190,192,189,191,193,205,213,221,223,216,208,199,189,185,183,180,178,170,163,161,176,184,175,174,182,181,173,173,181,173,173,125,126,128,130,132,135,138,128,121,114,110,103,96,89,83,69,65,61,59,57,56,48,49,51,54,58,65,61,59,57,65,80,104,105,107,112,109,106,125,125,125,126,130,132,135,138,142,156,167,174,177,168,160,160,155,145,128,106,105,97,91,99,107,109,112,115,119,116,123,133,126,120,111,101,94,86,80,74,80,74,69,63,68,60,49,37,26,15,16,8,12,18,26,24,32,33,41,40,48,49,57,56,64,65,69,65,58,52,46,40,36,33,49,51,54,58,65,61,59,57,56,57,59,65,58,51,49,48,42,40,29,33,32,8,0,8,12,18,16,24,32,40,41,36,34,36,41,49,51,54,58,63,68,65,63,61,60,61,59,47,55,71
83,70,58,56,70,67,77,76,68,77,78,80,83,86,76,66,77,83,89,96,103,111,100,95,105,117,123,129,132,138,142,146,156,162,177,180,189,185,183,180,178,176,175,191,192,194,196,198,200,203,211,208,205,203,201,200,198,198,190,174,173,181,189,197,197,205,213,213,221,221,221,221,221,222,223,216,225,227,210,203,201,200,198,198,197,189,190,191,193,191,193,196,208,216,223,226,218,211,202,192,189,185,183,180,173,165,163,178,185,176,175,183,182,174,173,181,173,173,125,125,126,128,130,132,135,124,117,110,106,99,92,85,78,65,61,59,57,56,57,49,51,54,58,63,69,65,61,59,66,81,105,104,106,109,107,105,125,125,126,128,132,135,138,142,146,160,171,178,180,171,163,163,157,147,130,107,106,97,93,102,109,112,115,119,123,120,127,137,131,125,116,107,100,92,87,80,86,80,74,68,74,66,55,44,33,22,24,16,18,26,33,32,40,41,49,48,56,57,65,64,72,73,76,72,65,58,52,46,40,36,51,54,58,63,69,65,61,59,57,56,57,63,55,49,48,49,41,36,26,32,33,12,8,0,8,12,8,16,24,32,33,29,29,33,40,48,49,51,54,58,62,58,55,53,52,53,52,40,49,66
77,64,53,52,68,65,76,77,69,78,80,83,86,90,79,71,83,89,96,103,110,117,105,100,111,123,129,136,138,145,149,153,163,169,184,187,196,193,190,188,186,184,183,198,200,201,203,205,208,211,218,216,213,211,209,208,206,205,198,182,181,189,197,205,205,213,221,221,229,229,229,229,229,230,231,223,233,234,218,211,209,208,206,205,205,197,198,199,201,199,201,204,216,223,231,233,226,218,209,199,196,193,190,188,180,173,170,186,193,184,183,191,190,182,181,189,181,181,133,133,134,135,137,140,142,131,124,117,113,106,99,92,85,72,69,66,65,64,65,57,59,61,65,69,76,72,69,66,73,89,113,112,114,117,115,113,133,133,134,135,140,142,145,149,153,167,178,185,187,178,171,171,165,155,137,115,114,105,100,109,117,119,122,126,129,127,134,144,137,131,122,112,105,97,92,86,91,86,80,74,80,71,60,49,37,26,26,18,16,24,32,33,41,40,48,49,57,56,64,65,73,72,74,69,61,54,47,40,34,29,44,47,52,57,63,58,54,51,49,48,49,55,47,41,40,41,33,29,18,24,26,8,12,8,0,8,12,18,26,33,36,34,36,41,48,56,57,59,61,65,66,62,58,55,53,52,50,36,44,60
71,60,47,45,60,57,68,69,61,70,73,76,79,84,73,66,78,85,92,99,106,112,100,94,105,118,125,132,135,142,145,149,160,166,181,184,193,190,188,186,184,183,182,198,198,200,201,203,205,208,216,213,211,209,208,206,205,205,197,181,181,189,197,205,205,213,221,221,229,229,229,229,230,231,233,225,234,236,220,213,211,209,208,206,205,197,198,200,203,201,204,206,218,226,233,236,229,221,213,203,199,196,193,190,183,175,173,188,195,186,184,192,191,183,182,189,181,181,133,133,133,134,135,137,140,128,121,113,111,103,96,88,81,69,66,65,64,65,66,59,61,65,69,74,80,76,72,69,75,90,114,113,113,115,114,112,133,134,135,137,142,145,149,153,157,171,182,189,190,181,174,174,168,157,140,117,115,106,103,112,119,122,126,129,134,132,138,149,142,136,128,119,111,103,98,92,97,91,86,80,86,77,66,55,44,33,33,26,24,32,40,41,49,48,56,57,65,64,72,73,81,80,82,76,69,61,54,47,40,34,47,52,57,63,68,63,58,54,51,49,48,53,45,40,41,44,33,26,16,26,29,16,18,12,8,0,8,12,18,26,29,29,33,40,49,57,56,57,59,61,60,55,51,47,45,44,42,29,37,55
77,67,53,49,63,59,69,68,60,69,70,73,76,79,68,60,72,78,85,92,99,105,94,89,100,112,118,125,128,135,138,142,153,159,174,177,185,183,180,178,176,175,174,190,191,192,194,196,198,200,208,205,203,201,200,198,198,197,189,173,173,181,189,197,197,205,213,213,221,221,221,221,222,223,225,217,227,229,212,205,203,201,200,198,198,189,191,192,195,193,196,199,211,218,226,229,221,214,205,196,192,189,185,183,175,168,165,180,187,178,176,184,183,175,174,181,173,173,125,125,125,126,128,130,132,121,113,106,103,96,88,81,74,61,59,57,56,57,59,51,54,58,63,68,74,69,65,61,68,82,106,105,105,107,106,104,125,126,128,130,135,138,142,146,150,165,175,182,183,174,167,167,160,150,132,109,107,99,96,104,112,115,119,123,127,125,132,142,136,131,122,114,105,98,94,87,92,86,80,74,80,73,62,51,40,30,32,24,26,33,41,40,48,49,57,56,64,65,73,72,80,81,84,79,72,65,58,52,46,40,54,58,63,68,74,69,65,61,59,57,56,61,53,48,49,51,41,33,24,33,36,18,16,8,12,8,0,8,16,24,26,23,26,32,41,49,48,49,51,54,55,51,47,45,44,45,44,34,43,62
73,64,49,43,56,52,61,60,52,61,63,65,68,73,62,54,67,74,81,88,96,100,88,83,94,107,114,121,124,132,135,138,149,156,171,174,183,180,178,176,175,174,173,189,190,191,192,194,196,198,205,203,201,200,198,198,197,197,189,173,173,181,189,197,198,205,213,212,220,221,221,222,223,225,227,219,229,231,214,208,205,203,201,200,198,190,192,194,197,196,199,202,214,221,229,232,224,217,209,199,196,192,189,185,178,171,168,183,190,180,178,186,184,176,175,182,174,173,125,125,125,125,126,128,130,118,111,103,100,93,85,78,70,59,57,56,57,59,61,54,58,63,68,74,80,74,69,65,70,84,107,106,104,106,105,105,126,128,130,132,138,142,146,150,155,169,179,186,187,178,171,171,163,153,135,112,109,100,99,108,115,119,123,127,132,131,137,148,142,136,129,120,111,105,101,94,98,92,86,80,87,79,68,58,47,37,40,32,33,41,49,48,56,57,65,64,72,73,81,80,88,89,92,87,79,72,65,58,52,46,58,63,68,74,80,74,69,65,61,59,57,60,52,49,51,54,42,32,26,36,40,26,24,16,18,12,8,0,8,16,18,18,24,33,44,51,49,48,49,51,49,44,40,37,36,37,37,29,38,58
68,62,45,37,49,44,53,52,44,53,55,58,62,66,55,49,63,70,78,85,93,96,83,77,89,103,110,117,121,130,132,135,147,154,169,171,180,178,176,175,174,173,173,189,189,190,191,192,194,196,203,201,200,198,198,197,197,197,189,173,173,181,189,198,198,206,213,213,221,221,222,223,225,227,229,221,231,233,217,211,208,205,203,201,200,192,194,196,200,199,202,205,217,224,232,235,228,221,213,204,199,196,192,189,181,174,171,185,192,183,180,188,186,178,176,184,175,174,126,125,125,125,125,126,128,116,108,100,99,91,83,75,68,57,56,57,59,61,65,58,63,68,74,80,86,80,74,69,74,87,109,107,105,105,104,106,128,130,132,135,142,146,150,155,160,174,184,190,191,182,175,175,167,156,138,115,112,103,103,112,119,123,127,132,137,136,142,153,148,142,135,127,117,112,108,101,105,98,92,87,94,86,76,65,55,45,48,40,41,49,57,56,64,65,73,72,80,81,89,88,96,97,99,94,87,79,72,65,58,52,63,68,74,80,86,80,74,69,65,61,59,61,53,51,54,58,45,33,29,40,46,33,32,24,26,18,16,8,0,8,12,16,26,36,47,54,51,49,48,49,43,37,33,30,28,30,30,26,35,55
65,61,43,33,43,37,45,44,36,45,47,51,55,60,49,45,60,68,75,83,91,92,78,72,85,99,106,113,118,128,130,132,144,152,168,169,178,176,175,174,173,173,173,189,189,189,190,191,192,194,201,200,198,198,197,197,197,197,189,173,174,182,190,198,200,208,214,213,221,222,223,225,227,229,231,223,233,236,220,214,211,208,205,203,201,193,196,198,203,202,205,209,221,228,235,238,231,224,217,208,204,199,196,192,185,178,174,189,195,185,183,191,188,180,178,185,176,175,128,126,125,125,125,125,126,114,106,99,97,89,81,73,66,56,57,59,61,65,69,63,68,74,80,87,92,86,80,74,78,90,112,109,106,104,105,107,130,132,135,138,146,150,155,160,165,179,189,195,195,186,179,179,171,160,142,119,115,106,107,116,123,127,132,137,142,142,148,159,154,149,141,134,124,119,115,108,112,105,98,94,101,94,83,73,63,53,56,48,49,57,65,64,72,73,81,80,88,89,97,96,104,105,107,102,94,87,79,72,65,58,68,74,80,87,92,86,80,74,69,65,61,63,55,54,58,63,49,36,34,46,52,41,40,32,33,26,24,16,8,0,8,18,29,40,52,58,54,51,49,48,38,32,26,22,20,22,25,24,33,53
73,69,51,40,49,42,47,45,37,44,45,47,51,55,44,38,52,60,68,75,83,85,72,66,78,92,99,106,111,120,122,125,137,144,160,162,170,168,167,166,165,165,165,181,181,181,182,183,184,186,194,192,191,190,189,189,189,189,181,165,166,174,182,191,192,200,206,205,213,214,216,217,219,221,223,216,226,229,212,206,203,200,198,196,194,185,188,191,195,195,198,202,213,221,228,231,224,217,210,201,197,193,189,185,178,171,167,181,188,178,175,183,180,173,170,178,168,167,120,118,117,117,117,117,118,106,99,91,89,81,73,66,58,48,49,51,54,58,63,57,63,69,76,83,87,80,74,68,72,83,104,102,98,96,97,99,122,125,128,131,139,144,149,154,159,173,182,189,188,179,173,173,164,153,135,112,108,99,100,109,116,120,125,131,136,137,142,154,149,144,137,130,119,115,112,104,108,101,94,90,97,90,80,70,61,52,57,49,51,59,66,65,73,74,82,81,89,90,98,97,105,106,109,104,97,90,83,76,69,63,74,80,86,92,97,91,86,80,76,72,69,70,63,61,65,69,56,44,40,52,57,44,41,33,36,29,26,18,12,8,0,12,23,34,46,52,47,44,41,40,32,26,22,20,22,26,31,32,41,61
83,77,61,51,60,53,58,55,47,53,52,53,55,58,47,37,49,56,63,70,78,83,71,66,77,89,96,103,106,114,117,120,132,138,154,156,165,163,161,159,158,157,157,173,173,174,175,176,178,180,188,186,184,183,182,181,181,181,173,157,157,165,173,182,183,191,198,197,205,205,206,208,209,211,213,205,216,218,202,196,193,190,188,186,184,176,178,181,185,184,187,191,203,210,217,221,213,206,199,190,186,182,178,174,167,160,156,171,177,168,165,173,170,163,161,168,159,158,110,109,109,109,109,110,112,100,93,85,83,75,68,60,52,41,40,41,44,47,52,46,52,58,65,72,76,69,63,57,60,72,94,92,89,89,88,90,112,114,117,120,128,133,137,142,148,162,171,177,177,168,161,161,153,142,124,101,97,88,89,98,105,109,114,119,125,125,131,142,137,133,126,120,108,104,102,94,97,90,83,79,87,80,70,61,52,45,51,44,47,54,61,59,66,69,76,74,82,84,92,90,98,99,104,101,94,87,80,74,68,63,76,80,86,91,97,92,87,83,79,76,74,77,69,66,69,72,60,49,44,54,58,40,36,29,34,29,23,18,16,18,12,0,12,23,34,40,36,33,32,33,33,30,28,30,33,37,42,41,50,70
94,87,71,62,71,64,68,65,58,63,61,60,61,63,53,40,49,54,60,67,74,83,73,68,77,88,94,100,103,110,113,117,128,133,148,151,160,157,155,153,151,150,149,165,166,167,168,170,173,175,183,180,178,176,175,174,173,173,165,149,149,157,165,173,174,182,189,188,196,197,198,198,200,201,203,196,205,208,192,185,183,180,178,176,175,167,168,171,174,174,177,180,192,199,206,210,203,196,188,179,175,171,167,163,156,149,145,160,167,157,155,163,161,153,151,159,150,149,101,101,101,101,102,104,107,96,88,81,78,70,63,56,49,36,33,32,33,36,40,34,40,47,54,61,65,58,52,46,49,61,84,82,80,82,81,81,102,104,107,110,117,121,126,131,136,151,160,166,166,157,150,150,142,131,113,90,87,78,78,87,94,98,103,108,114,114,119,131,126,121,115,109,97,94,92,84,87,79,72,69,76,70,61,52,45,40,47,40,46,52,58,54,61,65,72,69,76,79,87,84,92,94,101,98,92,86,80,74,69,65,79,83,87,92,98,94,90,87,84,82,81,84,76,73,74,76,66,56,49,59,61,40,34,29,36,33,26,24,26,29,23,12,0,12,23,29,26,24,26,29,37,36,37,40,44,49,53,51,60,80
104,97,81,73,83,76,79,76,68,73,70,69,68,69,60,45,51,55,60,66,72,84,76,73,79,89,94,100,100,106,110,115,124,129,144,147,156,153,150,147,145,143,142,158,159,161,163,165,168,171,178,175,173,170,168,167,166,165,157,141,141,149,157,165,165,173,181,181,189,189,189,190,191,192,194,186,196,198,181,175,173,170,168,167,166,158,159,161,164,163,166,170,181,189,196,199,192,185,177,168,164,160,156,153,145,138,135,150,157,147,145,153,151,143,142,150,141,141,93,93,93,95,97,99,102,92,85,78,74,67,60,54,49,34,29,26,24,26,29,23,29,36,44,51,54,47,40,34,38,51,74,73,73,76,74,72,93,95,97,99,106,110,115,120,125,139,149,155,155,146,139,139,131,120,102,79,76,68,67,76,83,87,92,97,102,103,108,120,115,110,104,99,86,84,82,74,76,69,61,59,66,61,52,45,40,37,46,40,47,52,57,52,58,63,69,65,72,76,83,79,87,90,98,97,91,86,80,76,72,69,84,87,90,94,101,97,94,92,90,89,88,93,85,80,81,82,73,65,56,65,66,44,36,33,41,40,32,33,36,40,34,23,12,0,12,18,16,18,23,29,44,45,47,51,55,60,65,61,70,90
115,107,92,84,94,87,90,86,79,83,80,78,77,76,69,52,55,58,62,66,71,86,80,78,83,90,95,100,100,104,109,114,122,126,140,144,153,149,145,142,140,137,135,151,153,155,157,160,163,167,174,171,168,165,163,161,159,158,150,134,133,141,149,157,157,165,173,173,181,181,181,181,182,183,184,176,186,188,171,165,163,161,159,158,157,149,150,152,154,153,156,159,171,178,185,189,181,174,166,157,153,149,145,142,135,128,125,140,147,137,135,144,142,134,133,141,133,133,85,85,87,89,92,95,99,89,83,77,72,66,60,55,51,36,29,23,18,16,18,12,18,26,33,41,44,36,29,23,27,41,65,64,66,72,69,65,85,85,87,89,95,99,104,109,114,128,137,144,144,135,128,128,120,110,92,69,66,58,56,65,72,76,80,86,91,92,97,109,104,99,94,88,76,74,73,65,66,59,51,49,57,52,45,40,37,38,47,44,51,54,58,52,57,63,68,63,69,74,80,76,83,87,97,97,92,87,83,79,76,74,90,92,94,97,104,102,99,98,97,96,97,102,94,89,88,89,81,74,65,72,73,49,41,40,48,49,41,44,47,52,46,34,23,12,0,8,12,18,26,33,53,55,58,62,66,71,76,72,81,101
122,114,99,90,100,92,95,90,84,86,83,80,78,77,70,53,53,55,58,62,66,83,78,77,80,86,90,95,94,97,102,108,116,119,133,137,146,142,138,135,132,130,128,143,145,147,150,153,156,160,167,163,160,157,155,153,151,150,142,126,125,133,141,149,149,157,165,165,173,173,173,173,174,175,176,168,178,180,164,157,155,153,151,150,149,141,142,144,147,145,148,152,163,171,178,181,174,167,159,150,146,142,138,135,128,120,117,132,139,130,128,136,134,126,125,133,125,125,77,77,79,81,85,88,93,83,77,71,66,60,55,51,47,33,26,18,12,8,12,8,16,24,32,40,41,33,26,18,20,33,57,56,59,65,61,57,77,77,79,81,88,93,97,102,108,122,131,137,137,128,121,121,113,102,85,61,59,50,49,58,65,69,74,80,86,87,92,104,99,95,90,86,73,73,72,64,65,57,49,48,56,53,47,44,43,45,54,51,59,61,65,58,63,69,74,68,74,80,86,80,87,92,102,103,98,94,90,87,84,82,98,99,102,104,112,109,107,106,105,104,105,110,102,97,96,97,89,82,73,80,81,57,49,48,56,57,49,51,54,58,52,40,29,18,8,0,8,16,24,32,55,58,62,66,71,77,82,79,88,108
119,112,96,86,95,87,89,84,77,79,76,73,70,69,63,45,45,47,51,55,60,76,70,69,73,79,84,89,88,93,97,102,111,115,129,133,142,138,135,132,130,128,126,142,143,145,147,150,153,156,163,160,157,155,153,151,150,149,141,125,125,133,141,149,149,157,165,165,173,173,173,174,175,176,178,170,180,183,166,160,157,155,153,151,150,142,143,146,149,148,152,155,167,174,181,185,178,171,164,155,150,146,142,138,131,124,120,135,142,132,130,138,135,128,126,134,125,125,77,77,77,79,81,85,88,78,72,66,60,54,49,44,40,26,18,12,8,12,18,16,24,32,40,48,49,41,33,26,26,36,59,57,57,61,59,56,77,79,81,85,93,97,102,108,114,128,136,142,141,133,126,126,117,106,88,65,61,52,54,63,69,74,80,86,92,94,98,110,106,102,98,94,80,81,80,72,73,65,57,56,64,61,55,51,49,49,58,54,61,65,69,63,68,74,80,74,80,86,92,87,94,98,108,108,103,98,94,90,87,84,99,102,104,108,115,112,109,107,106,105,104,109,101,96,97,98,89,81,72,81,82,59,51,49,57,56,48,49,51,54,47,36,26,16,12,8,0,8,16,24,47,51,55,60,66,72,78,76,85,105
116,110,94,83,90,82,83,77,71,73,68,65,63,61,55,37,37,40,44,49,54,68,63,61,65,73,77,83,83,88,93,97,106,111,126,129,138,135,132,130,128,126,125,141,142,143,145,147,150,153,160,157,155,153,151,150,149,149,141,125,125,133,141,149,150,158,165,164,172,173,174,175,176,178,180,173,183,185,169,163,160,157,155,153,151,143,145,148,152,152,155,159,171,178,185,189,182,175,168,160,155,150,146,142,135,128,124,138,145,135,132,140,137,130,128,135,126,125,77,77,77,77,79,81,85,74,67,60,56,49,43,37,33,18,12,8,12,18,26,24,32,40,48,56,57,49,41,33,33,40,61,59,56,59,57,57,79,81,85,88,97,102,108,114,120,134,142,148,146,137,131,131,121,110,93,69,65,56,60,68,74,80,86,92,98,101,105,117,113,110,105,102,88,89,88,80,81,73,65,64,72,69,63,58,55,54,63,58,65,69,74,68,74,80,86,80,87,92,98,94,101,105,114,114,108,103,98,94,90,87,102,104,108,112,119,115,112,109,107,106,105,108,100,97,98,99,89,80,73,82,84,61,54,51,59,57,49,48,49,51,44,33,24,18,18,16,8,0,8,16,40,44,49,54,60,67,74,74,83,103
113,109,92,80,86,78,77,71,66,66,62,58,55,53,47,30,30,33,37,43,49,62,55,53,58,66,71,77,78,85,88,93,102,108,123,126,135,132,130,128,126,125,125,141,141,142,143,145,147,150,157,155,153,151,150,149,149,149,141,125,125,134,142,150,151,159,166,165,173,174,175,176,178,180,183,175,185,189,172,167,163,160,157,155,153,145,147,151,155,155,159,164,175,182,189,193,186,179,173,165,160,155,150,146,139,133,128,142,148,138,135,143,140,132,130,137,128,126,79,77,77,77,77,79,81,70,63,56,52,45,38,32,26,12,8,12,18,26,33,32,40,48,56,64,65,57,49,41,40,46,65,61,57,57,56,59,81,85,88,93,102,108,114,120,126,140,148,153,151,142,136,136,126,115,97,74,69,60,66,74,80,86,92,98,105,108,112,124,120,117,113,110,96,97,96,88,89,81,73,72,80,77,70,65,62,60,68,63,69,74,80,74,80,86,92,87,94,98,105,101,108,112,120,119,114,108,103,98,94,90,104,108,112,116,123,119,115,112,109,107,106,109,101,98,99,102,91,81,74,84,87,65,58,54,61,59,51,49,48,49,41,32,26,23,26,24,16,8,0,8,33,37,43,49,56,63,71,73,81,102
111,109,91,78,83,74,72,66,60,60,55,51,47,45,40,22,22,26,32,38,45,55,47,45,51,60,66,72,74,81,85,88,99,105,121,123,132,130,128,126,125,125,125,141,141,141,142,143,145,147,155,153,151,150,149,149,149,149,141,125,126,135,143,151,153,161,167,165,173,175,176,178,180,183,185,178,189,192,176,171,167,163,160,157,155,147,150,154,159,159,164,168,179,186,193,197,190,184,178,170,165,160,155,150,144,137,133,146,152,142,138,146,142,135,132,139,130,128,81,79,77,77,77,77,79,68,60,52,50,42,35,27,20,8,12,18,26,33,41,40,48,56,64,72,73,65,57,49,47,52,69,65,59,56,57,61,85,88,93,97,108,114,120,126,133,146,154,159,156,148,142,142,131,120,102,80,74,66,73,80,86,92,98,105,112,115,119,131,128,125,121,118,103,105,104,96,97,89,81,80,88,85,78,73,68,66,74,68,74,80,86,80,87,92,98,94,101,105,112,108,115,119,127,125,119,114,108,103,98,94,108,112,116,120,127,123,119,115,112,109,107,110,102,99,102,104,93,82,76,87,90,69,63,58,65,61,54,51,49,48,40,33,29,29,33,32,24,16,8,0,26,32,38,45,52,60,68,72,81,101
93,94,75,61,62,52,47,40,36,34,29,26,24,26,16,8,24,32,40,48,56,54,40,34,47,61,69,76,82,93,94,96,108,117,133,134,143,141,141,140,141,141,143,158,157,157,156,157,157,158,166,165,165,164,165,165,166,168,160,144,146,155,163,171,174,181,187,184,192,195,197,199,202,205,208,201,212,215,199,195,191,187,183,180,177,168,172,177,183,184,188,193,204,210,217,221,215,209,203,196,190,185,180,175,169,162,157,170,176,166,162,170,165,158,154,161,151,148,104,101,98,96,94,93,92,80,72,64,65,57,49,41,33,32,37,44,51,58,65,63,70,78,86,94,96,88,80,73,72,77,94,89,81,75,78,85,108,113,117,122,133,139,145,152,158,172,179,185,182,173,167,167,156,145,128,105,100,91,98,106,111,117,124,130,137,140,144,156,153,149,145,141,127,127,126,118,119,111,103,102,110,105,96,89,82,76,83,76,79,86,94,90,98,101,108,105,113,116,123,121,129,131,137,133,126,119,113,106,100,94,105,111,116,122,128,122,117,112,107,103,99,99,92,92,96,100,87,74,72,83,88,73,68,62,66,60,55,49,43,38,32,33,37,44,53,55,47,40,33,26,0,8,16,24,32,40,51,60,66,85
85,86,68,53,54,44,40,34,29,29,26,24,26,29,18,16,32,40,48,56,64,61,47,40,54,69,76,84,90,101,102,103,116,125,141,142,150,149,149,148,149,149,150,166,165,165,164,165,165,166,174,173,173,172,173,173,174,175,168,152,154,163,171,179,181,189,195,192,200,202,204,207,209,212,215,208,219,222,206,201,197,194,190,187,184,176,180,184,190,190,195,199,210,217,224,228,221,215,209,201,196,191,186,181,175,169,164,177,183,173,169,177,172,165,162,168,159,156,111,108,105,103,102,101,100,88,80,72,73,65,57,49,41,38,43,49,55,62,68,65,73,80,88,96,98,90,83,76,76,83,100,96,88,83,85,92,115,119,124,129,139,145,151,157,163,177,185,190,188,179,173,173,162,151,134,111,105,97,103,111,116,122,129,135,141,144,148,160,156,153,148,143,130,129,127,119,121,113,105,103,111,106,97,88,81,74,80,73,76,83,90,88,96,98,105,103,111,113,121,119,127,129,133,129,122,115,108,101,95,89,100,105,111,117,122,116,111,105,100,96,92,92,85,85,89,94,80,67,66,77,83,68,65,58,62,55,51,44,37,32,26,30,36,45,55,58,51,44,37,32,8,0,8,16,24,32,43,52,59,77
77,78,60,45,46,37,34,29,23,26,24,26,29,34,23,24,40,48,56,64,72,69,54,47,61,76,84,92,98,109,110,111,124,133,149,150,158,157,157,156,157,157,158,174,173,173,172,173,173,174,182,181,181,180,181,181,182,183,175,160,162,171,179,187,189,197,202,200,208,210,212,214,217,220,223,215,226,229,213,208,204,201,197,194,192,183,187,191,197,197,201,206,217,224,230,235,228,221,215,207,202,197,193,188,181,175,170,184,190,180,176,184,180,172,169,176,166,164,119,116,113,111,110,109,108,96,88,80,81,73,65,57,49,45,49,54,60,66,73,68,76,83,90,98,101,94,86,79,80,88,107,103,96,91,93,99,122,126,130,135,145,150,156,162,168,182,190,196,194,185,179,179,169,157,140,117,112,103,108,116,122,128,134,140,146,148,153,165,160,156,151,145,133,131,129,121,123,116,108,105,113,107,98,89,80,73,78,70,73,80,88,86,94,96,103,102,110,111,119,118,126,127,131,126,119,111,104,97,90,84,94,100,106,113,117,111,105,100,94,89,85,85,77,78,83,88,74,60,60,71,77,65,63,55,58,51,47,40,33,26,22,28,37,47,58,62,55,49,43,38,16,8,0,8,16,24,35,45,51,70
69,70,52,37,38,29,29,26,18,24,26,29,34,40,29,32,48,56,64,72,80,76,61,54,69,84,92,99,106,117,118,119,132,141,157,158,166,165,165,164,165,165,166,182,181,181,180,181,181,182,190,189,189,188,189,189,190,191,183,168,169,179,186,195,197,204,210,208,216,218,220,222,224,227,230,223,233,237,221,215,212,208,205,202,199,191,194,198,204,204,208,212,224,230,237,241,235,228,222,214,209,204,199,195,188,181,177,191,197,187,183,191,187,180,177,183,174,171,126,123,121,119,118,117,116,104,96,88,89,81,73,65,57,52,56,60,66,71,77,73,79,86,94,101,104,97,90,84,86,94,114,110,103,99,100,106,129,133,137,141,151,156,162,167,173,187,196,201,200,191,185,185,175,164,146,123,118,109,114,122,128,133,139,145,151,153,157,169,165,160,154,148,136,133,131,123,126,119,111,108,116,109,99,90,81,72,77,69,70,78,86,85,93,94,102,101,109,110,118,117,125,126,129,123,116,108,101,94,86,79,89,95,101,108,113,106,100,94,88,83,78,77,70,72,77,83,68,54,55,66,73,63,61,53,55,47,45,37,30,22,20,30,40,51,62,66,60,54,49,45,24,16,8,0,8,16,27,38,44,62
61,63,44,29,31,22,26,24,16,26,29,34,40,47,36,40,56,64,72,80,88,84,69,61,76,92,99,107,114,125,126,127,140,149,165,166,174,173,173,172,173,173,174,190,189,189,188,189,189,190,198,197,197,196,197,197,198,199,191,175,177,186,194,202,204,212,218,216,223,226,228,230,232,235,237,230,241,244,228,222,219,215,212,209,207,198,202,206,211,211,215,219,230,237,244,248,241,235,228,220,215,210,206,201,195,188,184,197,204,194,190,198,194,187,184,191,181,179,133,131,129,127,126,125,124,112,104,96,97,89,81,73,65,60,63,67,72,77,83,77,84,90,97,104,108,101,95,89,91,100,121,117,111,106,108,113,137,140,144,148,157,162,168,173,179,193,201,207,206,197,191,191,181,170,153,129,125,116,119,128,134,139,145,150,156,157,162,174,169,165,158,152,140,137,133,126,129,122,115,111,119,112,102,92,82,73,76,68,69,77,85,84,92,93,101,100,108,109,117,116,124,125,127,121,113,105,98,90,83,76,84,90,97,104,108,101,95,89,83,77,72,70,64,66,71,77,63,49,51,62,68,61,60,52,53,45,44,36,28,20,22,33,44,55,66,71,66,60,56,52,32,24,16,8,0,8,19,32,36,54
53,55,37,21,24,16,24,26,18,29,34,40,47,54,44,48,64,72,80,88,96,92,76,69,84,99,107,115,122,133,133,135,148,157,173,174,182,181,181,180,181,181,182,198,197,197,196,197,197,198,206,205,205,204,205,205,206,207,199,183,185,194,202,210,212,220,226,223,231,233,235,237,240,242,245,237,248,251,235,229,226,223,220,217,214,206,209,213,218,218,222,226,237,244,251,255,248,241,235,226,221,217,212,208,201,195,191,204,211,201,197,206,202,194,192,198,189,187,141,138,136,135,133,133,132,120,112,104,105,97,89,81,73,68,70,74,78,83,88,83,89,95,101,108,113,106,100,94,97,107,128,124,118,114,116,121,144,147,151,155,164,169,174,179,184,199,207,214,213,204,197,197,188,177,159,136,132,123,125,134,140,145,151,156,162,162,168,179,174,169,162,155,145,140,137,129,133,126,119,115,122,115,104,94,84,74,77,69,68,76,84,85,93,92,100,101,109,108,116,117,125,124,126,119,111,103,96,88,80,73,79,86,94,101,104,97,90,84,77,71,66,64,57,60,66,73,58,44,47,58,65,60,61,53,52,44,45,37,30,22,26,37,49,60,71,77,72,67,63,60,40,32,24,16,8,0,11,26,29,46
43,44,26,10,19,16,30,34,27,39,45,51,58,65,54,59,75,83,91,99,107,102,87,80,95,110,118,126,132,143,144,145,158,167,183,184,193,192,191,191,191,191,192,207,207,207,207,207,207,208,216,215,215,215,215,215,215,216,208,193,194,203,211,219,221,229,235,233,241,243,244,246,248,250,253,245,256,259,242,237,233,230,228,225,223,215,217,221,225,225,229,232,244,251,258,262,255,248,241,232,227,223,219,215,208,201,197,212,218,208,205,213,210,202,200,207,197,196,149,147,145,144,143,143,143,131,123,115,115,107,99,91,83,76,78,81,85,89,93,87,92,98,104,110,115,109,104,98,102,113,135,132,127,124,125,129,152,155,158,162,170,174,179,184,189,203,213,219,218,210,203,203,194,183,165,142,138,129,131,140,146,151,156,161,166,166,172,183,178,172,165,157,147,141,137,130,135,128,122,117,124,116,105,94,84,73,75,67,65,73,81,82,90,89,97,98,106,105,113,114,122,121,121,113,105,98,90,82,74,66,71,78,86,93,96,89,82,75,68,62,56,53,47,50,57,64,50,35,41,50,58,57,59,52,50,42,44,37,30,25,31,42,53,65,76,82,78,74,71,68,51,43,35,27,19,11,0,18,19,35
44,37,20,17,33,33,47,51,44,55,60,66,72,78,67,68,83,91,99,106,114,113,99,92,106,121,128,136,141,151,153,155,167,175,191,193,201,200,198,198,197,197,197,213,213,213,213,214,216,217,225,223,222,221,221,221,221,221,213,197,198,206,214,222,223,231,238,237,245,246,247,248,250,252,254,246,256,259,242,236,233,231,229,227,225,217,219,221,225,224,227,230,242,249,257,260,253,246,238,228,224,221,217,214,206,199,196,211,218,208,205,214,211,203,201,209,200,198,151,150,149,149,149,149,150,138,130,122,121,113,105,97,89,80,81,82,84,87,90,83,87,92,97,102,108,103,98,94,99,112,135,132,129,128,129,131,153,155,157,160,167,171,175,179,184,198,208,215,215,206,199,199,192,181,163,140,137,128,128,136,144,147,151,156,160,159,165,176,170,165,156,147,139,132,127,120,125,119,114,108,114,106,95,84,73,62,61,54,51,59,66,69,76,74,82,84,92,90,98,99,107,106,104,97,89,81,73,65,57,49,54,61,69,76,79,72,65,58,52,46,40,40,33,34,40,47,33,18,24,33,41,44,47,40,36,29,34,29,26,24,32,41,51,61,72,79,76,74,73,72,60,52,45,38,32,26,18,0,9,30
35,28,11,13,29,32,47,52,46,57,63,69,76,83,72,74,90,98,106,114,122,119,104,97,112,127,135,142,148,158,160,162,174,183,198,200,208,207,206,205,205,204,205,221,220,221,221,222,223,224,232,231,230,229,229,228,229,229,221,205,206,215,223,231,232,240,247,245,253,255,256,257,259,260,263,255,265,267,251,245,242,240,237,235,233,225,228,230,234,233,236,239,251,258,266,269,262,255,247,237,233,229,226,223,215,208,205,220,226,217,214,223,220,212,210,217,208,207,160,158,157,157,156,157,157,145,137,129,129,121,113,105,97,89,89,91,93,96,99,92,96,100,105,111,117,112,107,103,108,121,143,141,138,137,137,139,162,164,166,169,176,180,184,188,193,207,217,224,224,215,208,208,201,190,172,149,146,137,136,145,153,156,160,165,169,168,174,185,179,173,165,155,148,140,135,129,134,128,122,116,122,114,103,92,80,69,68,62,58,65,73,76,83,80,88,90,98,96,103,105,113,111,109,100,92,84,76,68,60,52,55,63,70,78,80,73,65,58,51,44,37,35,29,33,40,47,33,20,30,36,44,51,55,49,44,37,43,38,35,33,41,50,60,70,81,88,85,83,81,81,66,59,51,44,36,29,19,9,0,21
18,9,10,26,34,42,57,64,60,70,77,85,92,99,89,93,109,117,125,133,141,137,122,114,130,145,153,161,167,178,179,180,193,202,218,219,227,226,225,225,225,225,225,241,241,241,241,241,242,243,251,250,249,249,249,249,249,249,241,225,226,235,243,251,252,260,267,266,274,275,276,277,279,281,283,275,285,288,271,265,262,260,258,256,254,246,248,250,254,253,256,259,271,278,286,289,282,274,266,257,253,249,246,243,235,228,225,240,247,237,235,243,240,232,230,238,229,227,180,179,178,177,177,177,177,165,157,149,149,141,133,125,117,109,110,111,113,116,119,111,115,119,124,129,135,130,126,122,128,141,164,162,158,157,157,160,182,184,186,189,196,199,203,207,211,226,236,243,244,235,228,228,221,210,192,169,166,157,156,165,172,176,180,184,188,186,193,203,197,191,182,172,165,156,151,145,150,145,140,134,139,131,119,108,97,85,83,77,72,78,85,89,96,92,99,103,110,106,113,117,124,121,116,106,99,91,83,75,68,60,57,65,73,81,81,73,65,57,49,41,33,26,24,33,41,49,38,32,43,45,52,66,71,66,60,55,62,58,55,53,61,70,80,90,101,108,105,103,102,101,85,77,70,62,54,46,35,30,21,0
